,id,conversation_id,created_at,date,timezone,place,tweet,language,hashtags,cashtags,user_id,user_id_str,username,name,day,hour,link,urls,photos,video,thumbnail,retweet,nlikes,nreplies,nretweets,quote_url,search,near,geo,source,user_rt_id,user_rt,retweet_id,reply_to,retweet_date,translate,trans_src,trans_dest,Zarr_tweet,time,mentions,replies_count,retweets_count,likes_count
0,1209664384449961984,1209664384449961984,1577241438000.0,2019-12-25 03:37:18,+0100,,Zarr Gentleman  6Êúà„Åè„Çâ„ÅÑ„Å´‰ºº„Åü„Çà„ÅÜ„Å™„ÅÆ„Çµ„Éñ„ÅßÊäïÁ®ø„Åó„Åü„Åë„Å©Êñ∞„Åó„Åè‰Ωú„Å£„Åü„ÇÑ„Å§ #warframefanart  #zarr  https://t.co/wA6yYzzQtZ,ja,"['warframefanart', 'zarr']",[],894144710456913920,894144710456913920,75Hexagon,ÊñóÈ≥ÆË•øÁ¥ÖÊüø,3.0,03,https://twitter.com/75Hexagon/status/1209664384449961984,[],['https://pbs.twimg.com/media/EMmXWDwU0AEOaX0.jpg'],1,https://pbs.twimg.com/media/EMmXWDwU0AEOaX0.jpg,False,3.0,1.0,0.0,,#zarr,,,,,,,[],,,,,Zarr,,,,,
1,1207352060053741569,1207343263805517826,1576690137000.0,2019-12-18 18:28:57,+0100,,"@jim_dowling They don't mention newer file format like #Zarr  https://t.co/5A2vX9bwW7 which support ""splits"" and is designed to store arrays in modern / cloud env",en,['zarr'],[],430644703,430644703,Julien_Lau,Julien Laurenceau,3.0,18,https://twitter.com/Julien_Lau/status/1207352060053741569,['https://zarr.readthedocs.io/en/stable/spec/v2.html'],[],0,,False,2.0,1.0,0.0,,#zarr,,,,,,,"[{'screen_name': 'jim_dowling', 'name': 'Jim Dowling', 'id': '470330975'}]",,,,,Zarr,,,,,
2,1204841202459144197,1204841202459144197,1576091502000.0,2019-12-11 20:11:42,+0100,,Lots of interest in #netcdf and #zarr at #AGU2019  https://t.co/e7Y0icm8gK,en,"['netcdf', 'zarr', 'agu2019']",[],20507960,20507960,edhartnett,Edward Hartnett,3.0,20,https://twitter.com/edhartnett/status/1204841202459144197,[],['https://pbs.twimg.com/media/ELh0rfBUUAU7XU4.jpg'],1,https://pbs.twimg.com/media/ELh0rfBUUAU7XU4.jpg,False,4.0,0.0,0.0,,#zarr,,,,,,,[],,,,,Zarr,,,,,
3,1197567468845309952,1197567468845309952,1574357308000.0,2019-11-21 18:28:28,+0100,,"Just experimented with #napari, a simple and GPU-accelerated #python image viewer. It displays anything that looks like a #numpy ndarray. It can therefore visualize #zarr and #hdf5 datasets directly from disk, lazy loading of relevant data included. Nice tool, good work.  https://t.co/yRab8ZFNBT",en,"['napari', 'python', 'numpy', 'zarr', 'hdf5']",[],956484807969648641,956484807969648641,pleiszenburg,pleiszenburg.de,4.0,18,https://twitter.com/pleiszenburg/status/1197567468845309952,[],"['https://pbs.twimg.com/media/EJ6dKnZW4AAv0A1.jpg', 'https://pbs.twimg.com/media/EJ6dKnuW4AEwjK0.jpg', 'https://pbs.twimg.com/media/EJ6dKnMXUAA29z_.jpg']",1,https://pbs.twimg.com/media/EJ6dKnZW4AAv0A1.jpg,False,39.0,0.0,11.0,,#zarr,,,,,,,[],,,,,Zarr,,,,,
4,1195287464707022848,1195287464707022848,1573813713000.0,2019-11-15 11:28:33,+0100,,So honored to be included amongst these pillars of scientific computing that it was time to get official... #zarr has become @zarr_dev. Thanks to @cziscience and @NumFOCUS for making it happen!,en,['zarr'],[],1195271337977241601,1195271337977241601,zarr_dev,zarr_dev,5.0,11,https://twitter.com/zarr_dev/status/1195287464707022848,[],[],0,,False,36.0,1.0,10.0,https://twitter.com/ChanZuckerberg/status/1195027971083423746,#zarr,,,,,,,[],,,,,Zarr,,,,,
5,1195039103441616896,1195039103441616896,1573754499000.0,2019-11-14 19:01:39,+0100,,Chan Zuckerberg Initiative Funds Maintenance of NumFOCUS Projects #pandas #Matplotlib #NumPy #Jupyter #SciPy #Zarr #opensource #sustainability  https://t.co/ySr4qFEO9V  https://t.co/IE9zaTFfT3,en,"['pandas', 'matplotlib', 'numpy', 'jupyter', 'scipy', 'zarr', 'opensource', 'sustainability']",[],1068951084,1068951084,NumFOCUS,NumFOCUS,4.0,19,https://twitter.com/NumFOCUS/status/1195039103441616896,['https://numfocus.org/blog/chan-zuckerberg-initiative-funds-numfocus-projects'],['https://pbs.twimg.com/media/EJWhuzJW4AEfP38.png'],1,https://pbs.twimg.com/media/EJWhuzJW4AEfP38.png,False,12.0,0.0,3.0,,#zarr,,,,,,,[],,,,,Zarr,,,,,
6,1195031794623664129,1195031794623664129,1573752757000.0,2019-11-14 18:32:37,+0100,,About 20% of the #opensource projects that CZI has just funded are supported by NumFOCUS.  Congratulations to all of our projects who received this important funding!  @matplotlib @ProjectJupyter #jupyterhub #numpy @pandas_dev #scipy #zarr @scikit_learn #scikitimage #dash,en,"['opensource', 'jupyterhub', 'numpy', 'scipy', 'zarr', 'scikitimage', 'dash']",[],1068951084,1068951084,NumFOCUS,NumFOCUS,4.0,18,https://twitter.com/NumFOCUS/status/1195031794623664129,[],[],0,,False,56.0,0.0,29.0,https://twitter.com/ChanZuckerberg/status/1195027971083423746,#zarr,,,,,,,[],,,,,Zarr,,,,,
7,1194742247079546881,1194396293935882242,1573683723000.0,2019-11-13 23:22:03,+0100,,@kD3AN Same here... for quite some time now. That's why we built #napari ( https://t.co/uYPqCe1B5R) for fast n-d viewing of images and image annotations. I use it everyday and scales very well for lightsheet data. Use it with #dask and #zarr to browse terabytes.    https://t.co/64UKl4kCCx,en,"['napari', 'dask', 'zarr']",[],3190922265,3190922265,loicaroyer,Lo√Øc A. Royer üíªüî¨‚öóÔ∏è üá∫üá¶,3.0,23,https://twitter.com/loicaroyer/status/1194742247079546881,"['http://napari.org', 'https://ilovesymposia.com/2019/10/24/introducing-napari-a-fast-n-dimensional-image-viewer-in-python/']",[],0,,False,17.0,1.0,3.0,,#zarr,,,,,,,"[{'screen_name': 'kD3AN', 'name': 'Kevin Dean', 'id': '1520157476'}]",,,,,Zarr,,,,,
8,1188414297816231937,1188414095856300032,1572175022000.0,2019-10-27 12:17:02,+0100,,üêïlucu gitu deh kamu jadi mkin suka aku #zarr,in,['zarr'],[],1138840553922080768,1138840553922080768,AmbarChoirunni1,nothing,7.0,12,https://twitter.com/AmbarChoirunni1/status/1188414297816231937,[],[],0,,False,0.0,0.0,0.0,,#zarr,,,,,,,[],,,,,Zarr,,,,,
9,1188045023503241216,1188044963864440832,1572086981000.0,2019-10-26 11:49:41,+0100,,#zarr,qht,['zarr'],[],1138840553922080768,1138840553922080768,AmbarChoirunni1,nothing,6.0,11,https://twitter.com/AmbarChoirunni1/status/1188045023503241216,[],[],0,,False,0.0,0.0,0.0,,#zarr,,,,,,,[],,,,,Zarr,,,,,
10,1183830931179790340,1183830931179790340,1571082263000.0,2019-10-14 20:44:23,+0100,,"Hiüòä, I‚Äô d like to share with you fragments of my graphic recordings during #SUCESS Conference in my city. Wonderful speakers such as Tatiana Mindewicz-Puacz, Micha≈Ç Sadowski, Mateusz Grzesiak and great talks #graphicrecording #graphicrecorder #zarr  https://t.co/2Sio8uFaXG",pl,"['sucess', 'graphicrecording', 'graphicrecorder', 'zarr']",[],720327355462356992,720327355462356992,AniaStaskiewicz,Ania Staskiewicz,1.0,20,https://twitter.com/AniaStaskiewicz/status/1183830931179790340,[],"['https://pbs.twimg.com/media/EG3P8KxWkAEk5-T.jpg', 'https://pbs.twimg.com/media/EG3P8KoX4AAW9Ug.jpg', 'https://pbs.twimg.com/media/EG3P8KuX4AErPpY.jpg']",1,https://pbs.twimg.com/media/EG3P8KxWkAEk5-T.jpg,False,23.0,1.0,0.0,,#zarr,,,,,,,[],,,,,Zarr,,,,,
11,1182352773813362688,1182211672989208578,1570729842000.0,2019-10-10 18:50:42,+0100,,"@JuliaWagemann @SnaggyD @rabernat @CopernicusECMWF @pangeo_data @awscloud Have you been in touch with the @planetos folks about this (cc @aluhamaa, @carefulweb, etc.)? I think they were going to try mirroring the current era5 data on s3 in #Zarr format. I haven't heard an update on the progress there but it would be worth coordinating with them.",en,['zarr'],[],2885608548,2885608548,_jhamman,Joe Hamman,4.0,18,https://twitter.com/_jhamman/status/1182352773813362688,[],[],0,,False,5.0,1.0,1.0,,#zarr,,,,,,,"[{'screen_name': 'JuliaWagemann', 'name': 'Julia Wagemann (she/her)', 'id': '43555046'}, {'screen_name': 'SnaggyD', 'name': 'Conor Delaney üåäüå¨Ô∏è‚õÖüõ∞Ô∏èüó∫Ô∏èüá™üá∫üáÆüá™', 'id': '533396473'}, {'screen_name': 'rabernat', 'name': 'Ryan Abernathey', 'id': '248827780'}, {'screen_name': 'CopernicusECMWF', 'name': 'Copernicus ECMWF', 'id': '3346529644'}, {'screen_name': 'pangeo_data', 'name': 'Pangeo', 'id': '1004450613969784832'}, {'screen_name': 'awscloud', 'name': 'Amazon Web Services', 'id': '66780587'}]",,,,,Zarr,,,,,
12,1176921191983931398,1176921191983931398,1569434852000.0,2019-09-25 19:07:32,+0100,,Tambien en esta cuenta se sigue el #ZaRr  #InvaderZim  https://t.co/lBO3kOInFZ,es,"['zarr', 'invaderzim']",[],790580234,790580234,FlanMBGore,Flan Mhek üö¨üëπüêôüö´,3.0,19,https://twitter.com/FlanMBGore/status/1176921191983931398,[],['https://pbs.twimg.com/media/EFVDhGFUEAA4Cjp.jpg'],1,https://pbs.twimg.com/media/EFVDhGFUEAA4Cjp.jpg,False,28.0,3.0,3.0,,#zarr,,,,,,,[],,,,,Zarr,,,,,
13,1176682762616655872,1176682762616655872,1569378006000.0,2019-09-25 03:20:06,+0100,,"So, this is #N5-Zarr  https://t.co/hH0NvrEEWT, my attempt to support the #Zarr format  https://t.co/kwzhlVHvfa in #Java. You can now work with Zarr containers via the N5 API, e.g. access arrays with #ImgLib2, build hierarchies and develop your own metadata. WIP, some bugs expected.",en,"['n5', 'zarr', 'java', 'imglib2']",[],930090512,930090512,herrsaalfeld,Stephan Saalfeld,3.0,03,https://twitter.com/herrsaalfeld/status/1176682762616655872,"['https://github.com/saalfeldlab/n5-zarr', 'https://zarr.readthedocs.io/en/stable/spec/v2.html#']",[],0,,False,33.0,0.0,11.0,,#zarr,,,,,,,[],,,,,Zarr,,,,,
14,1174706061879603201,1174706061879603201,1568906724000.0,2019-09-19 16:25:24,+0100,,So good I had to share! Check out all the items I'm loving on @Poshmarkapp #poshmark #fashion #style #shopmycloset #bcbgmaxazria #zarr:  https://t.co/UmMwOSzlfa  https://t.co/3Wx4KTFb6i,en,"['poshmark', 'fashion', 'style', 'shopmycloset', 'bcbgmaxazria', 'zarr']",[],881851024016912385,881851024016912385,Kimberl64788230,Kimberly Booth,4.0,16,https://twitter.com/Kimberl64788230/status/1174706061879603201,['https://posh.mk/zOctOxXOQX'],"['https://pbs.twimg.com/media/EE1k7VcU8AARz1L.jpg', 'https://pbs.twimg.com/media/EE1k7mXVAAAV8jS.jpg', 'https://pbs.twimg.com/media/EE1k77JUwAAIBwn.jpg']",1,https://pbs.twimg.com/media/EE1k7VcU8AARz1L.jpg,False,0.0,0.0,0.0,,#zarr,,,,,,,[],,,,,Zarr,,,,,
15,1154746138869846016,1154746138869846016,1564147908000.0,2019-07-26 14:31:48,+0100,,"I am writing up the @ProjectJupyter  notebooks for my data analysis paper, making extensive use of @xarray_dev. I plan to co-publish the accompanying data. But should I use #zarr or #netCDF as storage format?ü§î @4TUResearchData might have an opinion?",en,"['zarr', 'netcdf']",[],944291984675614721,944291984675614721,TobiasAdeJong,Tobias de Jong,5.0,14,https://twitter.com/TobiasAdeJong/status/1154746138869846016,[],[],0,,False,10.0,8.0,2.0,,#zarr,,,,,,,[],,,,,Zarr,,,,,
16,1150857597949534209,1150857597949534209,1563220807000.0,2019-07-15 21:00:07,+0100,,"RT Moonwalkerin44: Hai 22 anni, ma una creativit√† spaventosa! Meriti ogni bene Zic! ‚ù§Ô∏è   https://t.co/xEN3uFYVyJ  #Amici17  #Amici18  #Zarr‚Ä¶",it,"['amici17', 'amici18', 'zarr']",[],1068687046271623168,1068687046271623168,kipowo,Jilef,1.0,21,https://twitter.com/kipowo/status/1150857597949534209,['https://youtu.be/26XozBxH_Cg'],[],0,,False,0.0,0.0,0.0,,#zarr,,,,,,,[],,,,,Zarr,,,,,
17,1149039195740131329,1149037271754125313,1562787267000.0,2019-07-10 20:34:27,+0100,,"And even better: blosc, zstandard, lz4, zlib, custom compressors are available #zarr #SciPy2019",en,"['zarr', 'scipy2019']",[],147758495,147758495,eramirem,Elizabeth R.,3.0,20,https://twitter.com/eramirem/status/1149039195740131329,[],[],0,,False,4.0,1.0,1.0,,#zarr,,,,,,,[],,,,,Zarr,,,,,
18,1145861508460498944,1145861508460498944,1562029647000.0,2019-07-02 02:07:27,+0100,,"xarray 0.12.2 was released over the weekend:  https://t.co/mAfJ8JCNmP  My favorite new features are the new N-D combine functions by @TomTomnicholas1 and the ability to append to existing #Zarr stores by a team of four (!) contributors, including @davidbrochart &amp; @rabernat.",en,['zarr'],[],67250704,67250704,shoyer,Stephan Hoyer,2.0,02,https://twitter.com/shoyer/status/1145861508460498944,['http://xarray.pydata.org/en/stable/whats-new.html#v0-12-2-29-june-2019'],[],0,,False,70.0,1.0,30.0,,#zarr,,,,,,,[],,,,,Zarr,,,,,
19,1143978253171867648,1143978253171867648,1561580644000.0,2019-06-26 21:24:04,+0100,,So good I had to share! Check out all the items I'm loving on @Poshmarkapp #poshmark #fashion #style #shopmycloset #etienneaigner #zarr #verocuoiodiegodilucca:  https://t.co/fHCXjKbdB1  https://t.co/aUeVD9mGyl,en,"['poshmark', 'fashion', 'style', 'shopmycloset', 'etienneaigner', 'zarr', 'verocuoiodiegodilucca']",[],60683803,60683803,onthewatah,Lisa,3.0,21,https://twitter.com/onthewatah/status/1143978253171867648,['https://posh.mk/LiehJVS6JX'],"['https://pbs.twimg.com/media/D-A6Je9UIAA8_N8.jpg', 'https://pbs.twimg.com/media/D-A6JxBUwAAfg2N.jpg', 'https://pbs.twimg.com/media/D-A6KD2UIAAHnD6.jpg']",1,https://pbs.twimg.com/media/D-A6Je9UIAA8_N8.jpg,False,0.0,0.0,0.0,,#zarr,,,,,,,[],,,,,Zarr,,,,,
20,1140704257961652224,1140704257961652224,1560800063000.0,2019-06-17 20:34:23,+0100,,@unidata has published a blog describing their plans to provide native cloud storage access for #NetCDF via #Zarr:  https://t.co/wNxAErmnFB. It is awesome to see how a prototype implementation in @xarray_dev has taken hold. @alimanfoo @rabernat @dask_dev @pangeo_data @EarthCube,en,"['netcdf', 'zarr']",[],2885608548,2885608548,_jhamman,Joe Hamman,1.0,20,https://twitter.com/_jhamman/status/1140704257961652224,['https://www.unidata.ucar.edu/blogs/news/entry/netcdf-and-native-cloud-storage'],[],0,,False,71.0,2.0,35.0,,#zarr,,,,,,,[],,,,,Zarr,,,,,
21,1129477917057134592,1129477917057134592,1558123494000.0,2019-05-17 21:04:54,+0100,,Ever wanted to share your most interesting achievement? Look no further than #Zarr'sAllocades ! We'll be starting with your's truly! #Fortnite #XboxShare  https://t.co/sTyMQzNeNv,en,"['zarr', 'fortnite', 'xboxshare']",[],717647597217980416,717647597217980416,ZarrmageddonTRG,Zarrmageddon,5.0,21,https://twitter.com/ZarrmageddonTRG/status/1129477917057134592,[],['https://pbs.twimg.com/media/D6y2K4jWsAIT_vh.jpg'],1,https://pbs.twimg.com/media/D6y2K4jWsAIT_vh.jpg,False,0.0,1.0,0.0,,#zarr,,,,,,,[],,,,,Zarr,,,,,
22,1129204320518451200,1129158260949438465,1558058264000.0,2019-05-17 02:57:44,+0100,,@DrClimate @anacondainc @up_jors @JOSS_TheOJ Exactly! This would also give a boost to not so ‚Äòcharismatic‚Äô (e.g. high level or viz centric) packages like #zarr/#cftime and many others.,en,"['zarr', 'cftime']",[],760117715684163588,760117715684163588,JuliusBusecke,"Julius Busecke, PhD",5.0,02,https://twitter.com/JuliusBusecke/status/1129204320518451200,[],[],0,,False,0.0,0.0,1.0,,#zarr,,,,,,,"[{'screen_name': 'DrClimate', 'name': 'Damien Irving', 'id': '377654770'}, {'screen_name': 'anacondainc', 'name': 'Anaconda', 'id': '398087684'}, {'screen_name': 'up_jors', 'name': 'JORS', 'id': '1359515948'}, {'screen_name': 'JOSS_TheOJ', 'name': 'JOSS', 'id': '723667033532018689'}]",,,,,Zarr,,,,,
23,1098628281673441280,1098628281673441280,1550768368000.0,2019-02-21 17:59:28,+0100,,"""SamorzƒÖdowa przeplatanka"" Radia Szczecin: konflikt interes√≥w w ZARR @RenataZaremba #ZARR #zachodniopomorskie    https://t.co/lmO91KE1lo  https://t.co/HmgCmXVzdz",pl,"['zarr', 'zachodniopomorskie']",[],94290647,94290647,radio_szczecin,Radio Szczecin,4.0,17,https://twitter.com/radio_szczecin/status/1098628281673441280,"['http://radioszczecin.pl/1,384937,samorzadowa-przeplatanka-radia-szczecin-konflikt']",['https://pbs.twimg.com/media/Dz8cmFyX4AASzZK.jpg'],1,https://pbs.twimg.com/media/Dz8cmFyX4AASzZK.jpg,False,0.0,0.0,0.0,,#zarr,,,,,,,[],,,,,Zarr,,,,,
24,1096437632664522753,1096437632664522753,1550246077000.0,2019-02-15 16:54:37,+0100,,Renata Zaremba grozi pozwem radnej sejmiku Ma≈Çgorzacie Jacynie-Witt [ZDJƒòCIA] @JacynaWitt @RenataZaremba #ZARR   https://t.co/4wS7K9ysk9  https://t.co/aPTxl8UAhV,pl,['zarr'],[],94290647,94290647,radio_szczecin,Radio Szczecin,5.0,16,https://twitter.com/radio_szczecin/status/1096437632664522753,"['http://radioszczecin.pl/1,384651,renata-zaremba-grozi-pozwem-radnej-sejmiku-malgo']",['https://pbs.twimg.com/media/DzdUNdwXcAAZ04Q.jpg'],1,https://pbs.twimg.com/media/DzdUNdwXcAAZ04Q.jpg,False,1.0,0.0,0.0,,#zarr,,,,,,,[],,,,,Zarr,,,,,
25,1074024717986652160,1074024717986652160,1544902421000.0,2018-12-15 20:33:41,+0100,,Smash your Way Underground in the future with #babybadass in 2019. #comic #comics #comicbooks #zarr #babybadassvol2 #comicbook #art #comicart by Andy Taylor #wayunderground #actionlab #actionlabcomics @ActionLabDanger  https://t.co/Lr6qb9BdPf,en,"['babybadass', 'comic', 'comics', 'comicbooks', 'zarr', 'babybadassvol2', 'comicbook', 'art', 'comicart', 'wayunderground', 'actionlab', 'actionlabcomics']",[],280640392,280640392,thebabybadass,Baby Badass,6.0,20,https://twitter.com/thebabybadass/status/1074024717986652160,[],['https://pbs.twimg.com/media/Duezyb4VsAEKRbX.jpg'],1,https://pbs.twimg.com/media/Duezyb4VsAEKRbX.jpg,False,3.0,0.0,2.0,,#zarr,,,,,,,[],,,,,Zarr,,,,,
26,1072984431814684673,1072984431814684673,1544654398000.0,2018-12-12 23:39:58,+0100,,"Earlier today, @rabernat gave a punchy little talk on his vision #zarr and #netcdf for cloud storage of geoscientific data.  https://t.co/rdhrUfrQGr",en,"['zarr', 'netcdf']",[],2885608548,2885608548,_jhamman,Joe Hamman,3.0,23,https://twitter.com/_jhamman/status/1072984431814684673,[],['https://pbs.twimg.com/media/DuQBpt7XQAAU0bQ.jpg'],1,https://pbs.twimg.com/media/DuQBpt7XQAAU0bQ.jpg,False,18.0,0.0,2.0,,#zarr,,,,,,,[],,,,,Zarr,,,,,
27,1061667278549278720,1061667278549278720,1541956178000.0,2018-11-11 18:09:38,+0100,,Ladies Night Meets @crossccessoires Shisha Lounge! Darfst Du NICHT  Verpassen! 17.November #ZARR #Zarrclub #Ibbenb√ºren ##Rheine #Mesum #Elte #Gellendorf #Neuenkirchen #Lieferservice‚Ä¶  https://t.co/mDA43YXRpD,de,"['zarr', 'zarrclub', 'ibbenb√ºren', 'rheine', 'mesum', 'elte', 'gellendorf', 'neuenkirchen', 'lieferservice']",[],993658211361329153,993658211361329153,crossccessoires,CrossCcessoires.com - Der Mobile Kiosk,7.0,18,https://twitter.com/crossccessoires/status/1061667278549278720,['https://www.instagram.com/p/BqDDQSqAJG5/?utm_source=ig_twitter_share&igshid=1u10szs60xtzz'],[],0,,False,0.0,0.0,0.0,,#zarr,,,,,,,[],,,,,Zarr,,,,,
28,1053931495386050560,1053931495386050560,1540111824000.0,2018-10-21 09:50:24,+0100,,"#Ubycha ‚û°Ô∏è 15 pa≈∫dziernika  mia≈Çem przyjemno≈õƒá uczestniczyƒá w konferencji #Sukces. Tylko dla odwa≈ºnych. Otrzyma≈Çem wielkƒÖ dawkƒô wiedzy, kt√≥ra utwierdzi≈Ça mnie w przekonaniu, ≈ºe z ka≈ºdƒÖ pora≈ºkƒÖ zbli≈ºam siƒô do swojego celu.#ZARR #MateuszGrzesiak #Szczecin‚Ä¶ https://t.co/VAEPKV9mQn",pl,"['ubycha', 'sukces', 'zarr', 'mateuszgrzesiak', 'szczecin']",[],335591637,335591637,LukaszUbycha,≈Åukasz Ubycha,7.0,09,https://twitter.com/LukaszUbycha/status/1053931495386050560,['https://lnkd.in/gtFWqhv'],[],0,,False,0.0,0.0,0.0,,#zarr,,,,,,,[],,,,,Zarr,,,,,
29,1025524901648580608,1025524901648580608,1533339164000.0,2018-08-04 00:32:44,+0100,,Retablos en lamina de MDF con impresi√≥n digital y plastificado mate para RESTAURANTE OLIVA MEDITERRANEA... Trabajos con CALIDAD !!   #Olivamediterranea #calidad #MDF #Adhesivo #vinilomate #paella #villavicencio #empresallanera #calidad #se√±alizartpublicidad #zarr,es,"['olivamediterranea', 'calidad', 'mdf', 'adhesivo', 'vinilomate', 'paella', 'villavicencio', 'empresallanera', 'calidad', 'se√±alizartpublicidad', 'zarr']",[],120304801,120304801,eRRe_Leal,Rodrigo Andres Leal,6.0,00,https://twitter.com/eRRe_Leal/status/1025524901648580608,[],[],0,,False,0.0,0.0,0.0,,#zarr,,,,,,,[],,,,,Zarr,,,,,
30,1018936651857453057,1018936651857453057,1531768403000.0,2018-07-16 20:13:23,+0100,,Bolschewistisches Schlachtfest: Vor 100 Jahren wurde die #Zarenfamilie erschossen #Russland #Zarr  https://t.co/0Y1aJdkY9u,de,"['zarenfamilie', 'russland', 'zarr']",[],149030786,149030786,berlinerzeitung,Berliner Zeitung,1.0,20,https://twitter.com/berlinerzeitung/status/1018936651857453057,['https://www.berliner-zeitung.de/30969824?dmcid=sm_tw'],[],0,,False,1.0,1.0,0.0,,#zarr,,,,,,,[],,,,,Zarr,,,,,
31,1016087083600015360,1016087083600015360,1531089013000.0,2018-07-08 23:30:13,+0100,,ICYMI: Recap Sunday. #zarr #4thofjuly #nationalfriedchickenday #phillyburger  https://t.co/ZGjRvPNk5Y,en,"['zarr', '4thofjuly', 'nationalfriedchickenday', 'phillyburger']",[],18996931,18996931,AmeristarVI,Ameristar Vicksburg,7.0,23,https://twitter.com/AmeristarVI/status/1016087083600015360,[],"['https://pbs.twimg.com/media/DhndyCaW0AIW5js.jpg', 'https://pbs.twimg.com/media/Dhndy2NX4AEBt1k.jpg', 'https://pbs.twimg.com/media/DhndzkCXkAU55jV.jpg', 'https://pbs.twimg.com/media/Dhnd0BjX0AA5zpT.jpg']",1,https://pbs.twimg.com/media/DhndyCaW0AIW5js.jpg,False,1.0,0.0,1.0,,#zarr,,,,,,,[],,,,,Zarr,,,,,
32,995490233150984194,995490233150984194,1526178341000.0,2018-05-13 03:25:41,+0100,,So good I had to share! Check out all the items I'm loving on @Poshmarkapp from @green__threads @ArisbrShop #poshmark #fashion #style #shopmycloset #torrid #tahari #zarr:  https://t.co/vBdH7mJsw2  https://t.co/WAEQDXxZBv,en,"['poshmark', 'fashion', 'style', 'shopmycloset', 'torrid', 'tahari', 'zarr']",[],35145136,35145136,kleighjack,Leigh Jack,7.0,03,https://twitter.com/kleighjack/status/995490233150984194,['https://bnc.lt/focc/Uvm8ztANpL'],"['https://pbs.twimg.com/media/DdCxFHUU0AA8vJA.jpg', 'https://pbs.twimg.com/media/DdCxFcPU0AAIqx1.jpg', 'https://pbs.twimg.com/media/DdCxFuKVMAAIxCk.jpg']",1,https://pbs.twimg.com/media/DdCxFHUU0AA8vJA.jpg,False,0.0,0.0,0.0,,#zarr,,,,,,,[],,,,,Zarr,,,,,
33,990503577541017600,990502432252755968,1524989430000.0,2018-04-29 09:10:30,+0100,,@LifeofRio #Zarr  https://t.co/ssBHUfm0x9,qme,['zarr'],[],850074412229545984,850074412229545984,Rasen_God,Chris üí´,7.0,09,https://twitter.com/Rasen_God/status/990503577541017600,[],['https://pbs.twimg.com/media/Db75v3dUQAAis0l.jpg'],1,https://pbs.twimg.com/media/Db75v3dUQAAis0l.jpg,False,0.0,0.0,0.0,,#zarr,,,,,,,"[{'screen_name': 'LifeofRio', 'name': 'R I O', 'id': '743799669961068544'}]",,,,,Zarr,,,,,
34,979282994816012288,979282994816012288,1522314234000.0,2018-03-29 10:03:54,+0100,,Tutorial on how to use #Zarr files on @jetstream_cloud object storage for #python distributed computing with #dask. Based on #pangeo-data.  https://t.co/br2rr74A3n,en,"['zarr', 'python', 'dask', 'pangeo']",[],51018910,51018910,andreazonca,Andrea Zonca @zonca@mastodon.online,4.0,10,https://twitter.com/andreazonca/status/979282994816012288,['https://zonca.github.io/2018/03/zarr-on-jetstream.html'],[],0,,False,3.0,0.0,3.0,,#zarr,,,,,,,[],,,,,Zarr,,,,,
35,968364439597731841,968364439597731841,1519711048000.0,2018-02-27 06:57:28,+0100,,Waiting for this one üëá #politely üíã #allpraisestoAllah‚ù§ #zarr #zH  https://t.co/c6U15mhPzC,en,"['politely', 'allpraisestoallah', 'zarr', 'zh']",[],920004144181604353,920004144181604353,juu_naaa,raiselily üíã,2.0,06,https://twitter.com/juu_naaa/status/968364439597731841,[],['https://pbs.twimg.com/media/DXBST2-W4AAyfvx.jpg'],1,https://pbs.twimg.com/media/DXBST2-W4AAyfvx.jpg,False,0.0,0.0,0.0,,#zarr,,,,,,,[],,,,,Zarr,,,,,
36,946744669437874177,946744669437874177,1514556493000.0,2017-12-29 15:08:13,+0100,,Jumping into my Space Ninja Armor in #Warframe! Join the Vilefun at  https://t.co/OnjlODr2J6 @TwitchStarsTV @TwitchTVGaming @ChainsawSYN #twitch #gamerlife #StreamingNow #twitchaffiliate When I pull out the #Zarr or #Opticore Level 100 enemies be like  https://t.co/0jVt3lX9Yo,en,"['warframe', 'twitch', 'gamerlife', 'streamingnow', 'twitchaffiliate', 'zarr', 'opticore']",[],756706191363964928,756706191363964928,Vile_Nkosi,Vile Nkosi,5.0,15,https://twitter.com/Vile_Nkosi/status/946744669437874177,['http://www.twitch.tv/vile_nkosi'],['https://pbs.twimg.com/tweet_video_thumb/DSOC9zUXUAAZQH_.jpg'],1,https://pbs.twimg.com/tweet_video_thumb/DSOC9zUXUAAZQH_.jpg,False,3.0,0.0,0.0,,#zarr,,,,,,,[],,,,,Zarr,,,,,
37,936045695735422976,936045695735422976,1512005659000.0,2017-11-30 02:34:19,+0100,,"nytimesworld: RT BenWeiserNYT: 1/4 - Here's our story on Reza Zarrab's first day of testimony in the N.Y. trial. He explained why he decided to plead guilty &amp; assist prosecutors. ‚ÄúCooperation was the fastest way to accept responsibility and to get out of jail at once,‚Äù #Zarr‚Ä¶",en,['zarr'],[],3304543309,3304543309,Travelers365,International Travelers 365,4.0,02,https://twitter.com/Travelers365/status/936045695735422976,[],[],0,,False,0.0,0.0,0.0,,#zarr,,,,,,,[],,,,,Zarr,,,,,
38,920211054080282625,920211054080282625,1508230386000.0,2017-10-17 09:53:06,+0100,,@TonnyAbbas Happiest Birthday to my Darling #Zarr üòòüòò Wish you all the happiness of world.. Stay blessed ma shweetie üòáüíïüíï#LoveU,en,"['zarr', 'loveu']",[],4523980462,4523980462,Jiyaseher1,ŸÇŸÜÿØ€åŸÑüåº,2.0,09,https://twitter.com/Jiyaseher1/status/920211054080282625,[],[],0,,False,2.0,0.0,0.0,,#zarr,,,,,,,[],,,,,Zarr,,,,,
39,906339094103515136,906339094103515136,1504923053000.0,2017-09-09 03:10:53,+0100,,ŸÇŸáŸàÿ© ÿπÿ±ÿ®Ÿäÿ© ŸÖÿπ ÿßŸÑÿ∂ÿ±ÿßÿ±Ÿä ‚òïÔ∏è  @MoRoo_algrayed @hayat_Ensaan  #zarr  https://t.co/QTq1qklSdu,ar,['zarr'],[],246777752,246777752,Al9rayed,ÿ≠Ÿèÿ≥ÿßŸÖ ÿßŸÑŸÇÿ±Ÿäÿ∂Ÿë,6.0,03,https://twitter.com/Al9rayed/status/906339094103515136,[],"['https://pbs.twimg.com/media/DJP2in1W4AAm2Bg.jpg', 'https://pbs.twimg.com/media/DJP2inlXkAAQTk2.jpg', 'https://pbs.twimg.com/media/DJP2io2W0AAama4.jpg']",1,https://pbs.twimg.com/media/DJP2in1W4AAm2Bg.jpg,False,4.0,0.0,1.0,,#zarr,,,,,,,[],,,,,Zarr,,,,,
40,900809689025437697,900809689025437697,1503604740000.0,2017-08-24 20:59:00,+0100,,"I recently heard about #Zarr by @alimanfoo for a distributed #NumPy like NDArray, similar to #Dask Array  https://t.co/ER6OEBNbdK #Python",en,"['zarr', 'numpy', 'dask', 'python']",[],11133592,11133592,ijstokes,Ian Stokes-Rees,4.0,20,https://twitter.com/ijstokes/status/900809689025437697,['https://github.com/alimanfoo/zarr/blob/master/docs/tutorial.rst'],[],0,,False,2.0,2.0,0.0,,#zarr,,,,,,,[],,,,,Zarr,,,,,
41,878260755753181186,878260755753181186,1498228656000.0,2017-06-23 15:37:36,+0100,,#Zarr still my wife   BUT I now have a side chick üòè  ...! New weapon for end game !!üòÅ  https://t.co/c7NC2dP1aK,en,['zarr'],[],743799669961068544,743799669961068544,LifeofRio,R I O,5.0,15,https://twitter.com/LifeofRio/status/878260755753181186,[],['https://pbs.twimg.com/tweet_video_thumb/DDA1fmEVYAA5AFP.jpg'],1,https://pbs.twimg.com/tweet_video_thumb/DDA1fmEVYAA5AFP.jpg,False,12.0,6.0,1.0,,#zarr,,,,,,,[],,,,,Zarr,,,,,
42,875684401782419456,875554541118345216,1497614405000.0,2017-06-16 13:00:05,+0100,,@nosybonesy @moitoi The big but man... thing can dance? Let me grab my #Zarr and fix that,en,['zarr'],[],1974509935,1974509935,a_nameless1,a_Nameless1,5.0,13,https://twitter.com/a_nameless1/status/875684401782419456,[],[],0,,False,0.0,0.0,0.0,,#zarr,,,,,,,"[{'screen_name': 'moitoi', 'name': 'Megan Everett üåΩ', 'id': '25019078'}]",,,,,Zarr,,,,,
43,856222553949573122,856222553949573122,1492974339000.0,2017-04-23 20:05:39,+0100,,#zarr #hamradio #radioamateur #zendamateur  https://t.co/Z85k5mEsji,qme,"['zarr', 'hamradio', 'radioamateur', 'zendamateur']",[],50263557,50263557,_Oldtimer_,PA2OLD Ben Oldtimer,7.0,20,https://twitter.com/_Oldtimer_/status/856222553949573122,['https://twitter.com/hamnieuws/status/856218438838214657'],[],0,,False,0.0,0.0,1.0,https://twitter.com/hamnieuws/status/856218438838214657,#zarr,,,,,,,[],,,,,Zarr,,,,,
44,847464415922343936,847464415922343936,1490886236000.0,2017-03-30 16:03:56,+0100,,By≈Ça prezes ZARR nie zgadza siƒô z powodami jej odwo≈Çania. #ZARR #Szczecin @RenataZaremba   https://t.co/LCQXe65w3y  https://t.co/hPiHQCAlgB,pl,"['zarr', 'szczecin']",[],94290647,94290647,radio_szczecin,Radio Szczecin,4.0,16,https://twitter.com/radio_szczecin/status/847464415922343936,['http://bit.ly/2nPkyPq'],['https://pbs.twimg.com/media/C8LMQ13UAAAVAZe.jpg'],1,https://pbs.twimg.com/media/C8LMQ13UAAAVAZe.jpg,False,0.0,0.0,0.0,,#zarr,,,,,,,[],,,,,Zarr,,,,,
45,847107356773289984,847107356773289984,1490801107000.0,2017-03-29 16:25:07,+0100,,Nowy prezes Zachodniopomorskiej Agencji Rozwoju Regionalnego. #ZARR #zachodniopomorskie   https://t.co/PlXM6dKTps  https://t.co/ZDQ33ryG6e,pl,"['zarr', 'zachodniopomorskie']",[],94290647,94290647,radio_szczecin,Radio Szczecin,3.0,16,https://twitter.com/radio_szczecin/status/847107356773289984,['http://bit.ly/2oh2k75'],['https://pbs.twimg.com/media/C8GHpJ6XwAA_Ovi.jpg'],1,https://pbs.twimg.com/media/C8GHpJ6XwAA_Ovi.jpg,False,0.0,0.0,0.0,,#zarr,,,,,,,[],,,,,Zarr,,,,,
46,846647171504099333,846647171504099333,1490691390000.0,2017-03-28 09:56:30,+0100,,"ZARR - kompetencje czy chaos, oceni marsza≈Çek wojew√≥dztwa. #ZARR @RenataZaremba @OGeblewicz #Szczecin   https://t.co/J7l9VK7qSx  https://t.co/jqTVm6opEF",pl,"['zarr', 'szczecin']",[],94290647,94290647,radio_szczecin,Radio Szczecin,2.0,09,https://twitter.com/radio_szczecin/status/846647171504099333,['http://bit.ly/2nc1YwH'],['https://pbs.twimg.com/media/C7_lGvLXQAAYwcP.jpg'],1,https://pbs.twimg.com/media/C7_lGvLXQAAYwcP.jpg,False,0.0,0.0,0.0,,#zarr,,,,,,,[],,,,,Zarr,,,,,
47,840990352777596930,840990352777596930,1489342699000.0,2017-03-12 19:18:19,+0100,,‚òïÔ∏è With @MoRoo_algrayed  #ZARR Cafe  https://t.co/y2O1PGEpLI,en,['zarr'],[],246777752,246777752,Al9rayed,ÿ≠Ÿèÿ≥ÿßŸÖ ÿßŸÑŸÇÿ±Ÿäÿ∂Ÿë,7.0,19,https://twitter.com/Al9rayed/status/840990352777596930,[],"['https://pbs.twimg.com/media/C6vL8UoW0AAueGZ.jpg', 'https://pbs.twimg.com/media/C6vL8U0XUAAy5DU.jpg', 'https://pbs.twimg.com/media/C6vL8V5WkAE0t40.jpg']",1,https://pbs.twimg.com/media/C6vL8UoW0AAueGZ.jpg,False,4.0,0.0,1.0,,#zarr,,,,,,,[],,,,,Zarr,,,,,
48,832633971661955073,832633971661955073,1487350383000.0,2017-02-17 17:53:03,+0100,, https://t.co/FB5oayWB5j #warframe #Zarr,qme,"['warframe', 'zarr']",[],2969367908,2969367908,tjack8375,[kaos],5.0,17,https://twitter.com/tjack8375/status/832633971661955073,['https://youtu.be/nix28CeCWKs'],[],0,,False,0.0,0.0,0.0,,#zarr,,,,,,,[],,,,,Zarr,,,,,
49,828882764963467264,828882764963467264,1486456025000.0,2017-02-07 09:27:05,+0100,,"#Il segno di Zarr - Sanremo alla riscoperta dellamato circo canoro #Il #segno #di #Zarr #- #Sanremo, #alla ...  https://t.co/JQSqosMl3l",it,"['il', 'il', 'segno', 'di', 'zarr', 'sanremo', 'alla']",[],231726084,231726084,zazoomblog,Zazoom Social News,2.0,09,https://twitter.com/zazoomblog/status/828882764963467264,['http://www.zazoom.it/2017-02-07/il-segno-di-zarr-sanremo-alla-riscoperta-dellamato-circo-canoro/2483863/'],[],0,,False,0.0,0.0,0.0,,#zarr,,,,,,,[],,,,,Zarr,,,,,
50,803175946719068160,803175946719068160,1480327042000.0,2016-11-28 10:57:22,+0100,,Once Was Lost by Sara Zarr for USD5.17 #Books #Children #Young #Zarr  https://t.co/n4KbLJM3PF,en,"['books', 'children', 'young', 'zarr']",[],2380588674,2380588674,DoubleQuicktime,DQT SocialClassified,1.0,10,https://twitter.com/DoubleQuicktime/status/803175946719068160,['http://doublequicktime.com/item/description/id/207552855'],[],0,,False,0.0,0.0,0.0,,#zarr,,,,,,,[],,,,,Zarr,,,,,
51,801886450182750209,801886450182750209,1480019602000.0,2016-11-24 21:33:22,+0100,,(Zarr Hoodie) #Zarr is available on Funny T-shirts Clothing Store   ‚Ä¶  https://t.co/Z0uMhk5ZU0  https://t.co/XFRziJem93,en,['zarr'],[],755040937919864832,755040937919864832,FunnyTshirts101,Funny CustomT-shirts,4.0,21,https://twitter.com/FunnyTshirts101/status/801886450182750209,['http://ift.tt/2gkU1CF'],['https://pbs.twimg.com/media/CyDfecyXUAApJ68.jpg'],1,https://pbs.twimg.com/media/CyDfecyXUAApJ68.jpg,False,0.0,0.0,0.0,,#zarr,,,,,,,[],,,,,Zarr,,,,,
52,797064278197108737,797064278197108737,1478869907000.0,2016-11-11 14:11:47,+0100,,#hamradio #zendamateur #radioamateur #SSB_Ronde #ZARR #HamNieuws  https://t.co/TqnpLhnRrr,qme,"['hamradio', 'zendamateur', 'radioamateur', 'ssb_ronde', 'zarr', 'hamnieuws']",[],50263557,50263557,_Oldtimer_,PA2OLD Ben Oldtimer,5.0,14,https://twitter.com/_Oldtimer_/status/797064278197108737,['https://twitter.com/hamnieuws/status/797016172411650049'],[],0,,False,0.0,0.0,0.0,https://twitter.com/hamnieuws/status/797016172411650049,#zarr,,,,,,,[],,,,,Zarr,,,,,
53,791656305257811969,791656305257811969,1477580546000.0,2016-10-27 16:02:26,+0100,,"#quote ""Your greatest creation is your creative life. It's all in your hands"" Sara #Zarr #book #NationalBookAward",en,"['quote', 'zarr', 'book', 'nationalbookaward']",[],3176631501,3176631501,MinieHouselook,Minie Houselook ü¶Å,4.0,16,https://twitter.com/MinieHouselook/status/791656305257811969,[],[],0,,False,0.0,0.0,0.0,,#zarr,,,,,,,[],,,,,Zarr,,,,,
54,786236727526563841,786236727526563841,1476288418000.0,2016-10-12 17:06:58,+0100,,Badshahooo ko Nasihat wohi kr xkta hai..... Jisy na #Sarr ka khouf ho na #Zarr  ki tamanna ....  (#Aashuraa),tl,"['sarr', 'zarr', 'aashuraa']",[],763233046862725120,763233046862725120,SaDia_Xee,Xe XOo,3.0,17,https://twitter.com/SaDia_Xee/status/786236727526563841,[],[],0,,False,9.0,0.0,3.0,,#zarr,,,,,,,[],,,,,Zarr,,,,,
55,782171705846489088,782171705846489088,1475319241000.0,2016-10-01 11:54:01,+0100,,Company profile ZARR LIMITED PARTNERSHIP -  https://t.co/NJzRGJpEpj  #ZARR #LIMITED #PARTNERSHIP,en,"['zarr', 'limited', 'partnership']",[],1096538167,1096538167,MassachusettsL1,Massachusetts List,6.0,11,https://twitter.com/MassachusettsL1/status/782171705846489088,['http://www.massachusettscompanies.org/zarr-limited-partnership-l86344168'],[],0,,False,0.0,0.0,0.0,,#zarr,,,,,,,[],,,,,Zarr,,,,,
56,775765627826950144,775765627826950144,1473791913000.0,2016-09-13 19:38:33,+0100,,"Due to its clean codebase and powerful capabilities, I am pretty sure that #zarr will become a killer data container  https://t.co/5eqaFPnM9S",en,['zarr'],[],458434332,458434332,FrancescAlted,Francesc Alted,2.0,19,https://twitter.com/FrancescAlted/status/775765627826950144,['https://twitter.com/alimanfoo/status/775606001307451392'],[],0,,False,9.0,0.0,6.0,https://twitter.com/alimanfoo/status/775606001307451392,#zarr,,,,,,,[],,,,,Zarr,,,,,
57,767645436702298113,767645436702298113,1471855908000.0,2016-08-22 09:51:48,+0100,,Jab tak ke tum #Zarr (paisa) luttaoge aap je #zeredast (kadmotale)  hai dunyaa Khich ke appna hath dekh lo kitni #matalbparasst hai duniyaa,hi,"['zarr', 'zeredast', 'matalbparasst']",[],531253039,531253039,BeingFurqan,Furqan,1.0,09,https://twitter.com/BeingFurqan/status/767645436702298113,[],[],0,,False,0.0,0.0,1.0,,#zarr,,,,,,,[],,,,,Zarr,,,,,
58,740895334382112769,740895334382112769,1465478187000.0,2016-06-09 14:16:27,+0100,,5 retweets and I will cut off my legs and use them to sumon the blood God Zarr. #rt #bloodgod #zarr #RelationshipGoals #relatable #leggoals,en,"['rt', 'bloodgod', 'zarr', 'relationshipgoals', 'relatable', 'leggoals']",[],3172267729,3172267729,buttlm,Billy bobs tire repair company,4.0,14,https://twitter.com/buttlm/status/740895334382112769,[],[],0,,False,1.0,0.0,1.0,,#zarr,,,,,,,[],,,,,Zarr,,,,,
59,720993747039830016,720993747039830016,1460733279000.0,2016-04-15 16:14:39,+0100,,Very nice to see #bcolz and #blosc inspiring other projects.   Luck to #zarr!  https://t.co/84fT2JcWTS,en,"['bcolz', 'blosc', 'zarr']",[],458434332,458434332,FrancescAlted,Francesc Alted,5.0,16,https://twitter.com/FrancescAlted/status/720993747039830016,['https://twitter.com/alimanfoo/status/720973763341365248'],[],0,,False,4.0,0.0,1.0,https://twitter.com/alimanfoo/status/720973763341365248,#zarr,,,,,,,[],,,,,Zarr,,,,,
0,1587745091040563201,1587745091040563201,2022-11-02 10:55:03 W. Central Africa Standard Time,2022-11-02,100,,üéûÔ∏è Looking for videos about #Zarr?  Finding some just got easier ‚ñ∂Ô∏è  https://t.co/T8jVwMHemq,en,['zarr'],[],1195271337977241601,,zarr_dev,zarr_dev,,,https://twitter.com/zarr_dev/status/1587745091040563201,['https://www.youtube.com/@zarr_dev'],[],0,,False,,,,https://twitter.com/TeamYouTube/status/1579503236243165185,,,,,,,,[],,,,,,10:55:03,[],1.0,1.0,4.0
1,1585280372698484736,1585280372698484736,2022-10-26 15:41:08 W. Central Africa Standard Time,2022-10-26,100,,"ü´≥Crypto Lendingü´¥| New adds  Welcome, #ETH and #ZARR, to the Lending Pool!  Everybody can earn with Remitano! üòé  Let's supply this!üòè üëáüëáüëá  https://t.co/TPtSde6TJt #Remitano #RENEC #CryptoLending  https://t.co/JuvuNs9n0V",en,"['eth', 'zarr', 'remitano', 'renec', 'cryptolending']",[],2912733829,,remitano,Remitano,,,https://twitter.com/remitano/status/1585280372698484736,['https://bit.ly/3WcvfcH'],['https://pbs.twimg.com/media/FgAMGNqWIAEPJIU.jpg'],1,https://pbs.twimg.com/media/FgAMGNqWIAEPJIU.jpg,False,,,,,,,,,,,,[],,,,,,15:41:08,[],31.0,39.0,210.0
2,1582413612433346571,1582413612433346571,2022-10-18 17:49:39 W. Central Africa Standard Time,2022-10-18,100,,"ICYMI: #SpatialData is an exciting ongoing effort to define a joint specification between #OMENGFF and #anndata which can be stored in a single #Zarr fileset. If  you are interested in getting involved, check out the specification discussion at  https://t.co/p4YfTPvUlR",en,"['spatialdata', 'omengff', 'anndata', 'zarr']",[],15369506,,openmicroscopy,openmicroscopy,,,https://twitter.com/openmicroscopy/status/1582413612433346571,['https://github.com/ome/ngff/pull/64'],[],0,,False,,,,https://twitter.com/LucaMarconato2/status/1582021694671056896,,,,,,,,[],,,,,,17:49:39,[],0.0,1.0,6.0
3,1580130892692918272,1580130892692918272,2022-10-12 10:38:56 W. Central Africa Standard Time,2022-10-12,100,,"Now at the #CMIP6ArcticBootcamp, Tina Odaka is telling us how to speed up computation using #Dask and #Zarr within @pangeo_data to chunk data...  The @ProjectJupyter hub notebooks are really assisting learning with live exercises..  https://t.co/RnHKdpLKiN",en,"['cmip6arcticbootcamp', 'dask', 'zarr']",[],297915370,,ruth_mottram,Ruth Mottram,,,https://twitter.com/ruth_mottram/status/1580130892692918272,[],['https://pbs.twimg.com/media/Fe3AivXWIAANgOC.jpg'],1,https://pbs.twimg.com/media/Fe3AivXWIAANgOC.jpg,False,,,,,,,,,,,,[],,,,,,10:38:56,"[{'screen_name': 'pangeo_data', 'name': 'pangeo', 'id': '1004450613969784832'}, {'screen_name': 'projectjupyter', 'name': 'project jupyter', 'id': '2460368252'}]",1.0,2.0,8.0
4,1574417198495449092,1574417198495449092,2022-09-26 16:14:46 W. Central Africa Standard Time,2022-09-26,100,,This thread on benchmarking #zarr vs #parquet is a good one with lots of interesting detail.,en,"['zarr', 'parquet']",[],14091956,,cschrader,Claude Schrader,,,https://twitter.com/cschrader/status/1574417198495449092,[],[],0,,False,,,,https://twitter.com/rajadain/status/1574097616987688963,,,,,,,,[],,,,,,16:14:46,[],0.0,1.0,1.0
5,1574409561024380930,1574409561024380930,2022-09-26 15:44:25 W. Central Africa Standard Time,2022-09-26,100,,Check out this great thread üßµ from Azavean @rajadain that dives into the background behind our latest blog where we compare #Zarr and #Parquet for #NWM access.   We benchmarked them both &amp; you can read more here:  https://t.co/4J9i3Z6JSb,en,"['zarr', 'parquet', 'nwm']",[],111365089,,azavea,Azavea,,,https://twitter.com/azavea/status/1574409561024380930,['https://www.azavea.com/blog/2022/09/22/benchmarking-zarr-and-parquet-data-retrieval-using-the-national-water-model-nwm-in-a-cloud-native-environment/'],[],0,,False,,,,https://twitter.com/rajadain/status/1574097616987688963,,,,,,,,[],,,,,,15:44:25,"[{'screen_name': 'rajadain', 'name': 'terence tuhinanshu', 'id': '258709112'}]",0.0,1.0,2.0
6,1574097650047229954,1574097616987688963,2022-09-25 19:04:59 W. Central Africa Standard Time,2022-09-25,100,,"To compare #Zarr and #Parquet for #NWM access, we benchmarked them both! Here's what we found:   https://t.co/BumRX08rlt",en,"['zarr', 'parquet', 'nwm']",[],258709112,,rajadain,Terence Tuhinanshu,,,https://twitter.com/rajadain/status/1574097650047229954,['https://twitter.com/azavea/status/1573036727169871872'],[],0,,False,,,,https://twitter.com/azavea/status/1573036727169871872,,,,,,,,[],,,,,,19:04:59,[],1.0,2.0,5.0
7,1574097645806682121,1574097616987688963,2022-09-25 19:04:58 W. Central Africa Standard Time,2022-09-25,100,,"The #NWM #Zarr dataset above is chunked along the feature dimension. But to query long time ranges for a small area, it is better to chunk along the time dimension (transpose it). This work is done here:   https://t.co/MGPxDBc18N",en,"['nwm', 'zarr']",[],258709112,,rajadain,Terence Tuhinanshu,,,https://twitter.com/rajadain/status/1574097645806682121,['https://github.com/azavea/noaa-hydro-data/blob/master/src/esip-2022-presentation/save_zarr_data.ipynb'],[],0,,False,,,,,,,,,,,,[],,,,,,19:04:58,[],1.0,0.0,0.0
8,1573183377812889600,1573183377812889600,2022-09-23 06:32:00 W. Central Africa Standard Time,2022-09-23,100,,At IT4Innovations we also care about open source software. In the week 5th to 10th Sep we have supported and organized a #hackathon to bring modern open data format #NGFF #zarr into popular open desktop image processing software #Fiji. @VladimirUlman  https://t.co/QTOZ4iIEc8,en,"['hackathon', 'ngff', 'zarr', 'fiji']",[],557115386,,it4innovations,IT4Innovations,,,https://twitter.com/IT4Innovations/status/1573183377812889600,[],[],1,https://pbs.twimg.com/ext_tw_video_thumb/1573182980746526720/pu/img/4O2Wiv1RRyHdPqFY.jpg,False,,,,,,,,,,,,[],,,,,,06:32:00,"[{'screen_name': 'vladimirulman', 'name': 'vladim√≠r ulman', 'id': '796439688223621120'}]",1.0,0.0,3.0
9,1573036727169871872,1573036727169871872,2022-09-22 20:49:16 W. Central Africa Standard Time,2022-09-22,100,,We take a deep dive into #Zarr and #Parquet data retrieval in our latest blog to compare performance on various time scales when it comes to large &amp; complex datasets like the #NationalWaterModel.  Check it out:   https://t.co/4J9i3Z7hHJ,en,"['zarr', 'parquet', 'nationalwatermodel']",[],111365089,,azavea,Azavea,,,https://twitter.com/azavea/status/1573036727169871872,['https://www.azavea.com/blog/2022/09/22/benchmarking-zarr-and-parquet-data-retrieval-using-the-national-water-model-nwm-in-a-cloud-native-environment/'],[],0,,False,,,,,,,,,,,,[],,,,,,20:49:16,[],0.0,5.0,19.0
10,1572981355180433408,1572677162045407233,2022-09-22 17:09:14 W. Central Africa Standard Time,2022-09-22,100,,@minigamedev Looks like I have to learn some more deep magic üßô‚Äç‚ôÄÔ∏èüòÄ @gdkrmr has started some pretty neat bindings to #zarr via #z5 by @cppape . Afraid will take a bit of time to dive deeper for extending tooling. üòé,en,"['zarr', 'z5']",[],1302887191748673536,,philippbauman15,Philipp Baumann,,,https://twitter.com/PhilippBauman15/status/1572981355180433408,[],[],0,,False,,,,,,,,,,,,"[{'screen_name': 'minigamedev', 'name': 'minigamedev', 'id': '40634313'}]",,,,,,17:09:14,"[{'screen_name': 'gdkrmr', 'name': 'guido kraemer', 'id': '2578975658'}, {'screen_name': 'cppape', 'name': 'constantin pape', 'id': '4513176988'}]",1.0,0.0,1.0
11,1572228320745623552,1572228320745623552,2022-09-20 15:16:56 W. Central Africa Standard Time,2022-09-20,100,,Hi everyone.üëãüèª  The @zarr_dev team is at @cziscience's Open Science Summit. We had a fantastic Day 1 with a lot of healthy and productive discussions around #Zarr. üßëüèª‚Äçüíª  If you'd like to know more about Zarr feel free to grab us over the next 2 days. #CZIOpenSci  https://t.co/fOkppK37Qq,en,"['zarr', 'cziopensci']",[],251464611,,msankeys963,Sanket Verma,,,https://twitter.com/MSanKeys963/status/1572228320745623552,[],['https://pbs.twimg.com/media/FdGnASgagAAM1YD.jpg'],1,https://pbs.twimg.com/media/FdGnASgagAAM1YD.jpg,False,,,,,,,,,,,,[],,,,,,15:16:56,"[{'screen_name': 'zarr_dev', 'name': 'zarr_dev', 'id': '1195271337977241601'}, {'screen_name': 'cziscience', 'name': 'czi science', 'id': '870364054044520448'}]",3.0,3.0,20.0
12,1571895741647388674,1571895741647388674,2022-09-19 17:15:23 W. Central Africa Standard Time,2022-09-19,100,,At the #CZIOpenSci meeting and want to find out more about #Zarr? Reach out to our community manager extraordinaire @MSanKeys963 üëã  with thanks to @cziscience  https://t.co/YdJQWdmrIT,en,"['cziopensci', 'zarr']",[],1195271337977241601,,zarr_dev,zarr_dev,,,https://twitter.com/zarr_dev/status/1571895741647388674,[],"['https://pbs.twimg.com/media/FdB-ef9XoAUZPIM.jpg', 'https://pbs.twimg.com/media/FdB-v1mXoAEgFis.jpg', 'https://pbs.twimg.com/media/FdB-PXdXEAQALrw.jpg']",1,https://pbs.twimg.com/media/FdB-ef9XoAUZPIM.jpg,False,,,,,,,,,,,,[],,,,,,17:15:23,"[{'screen_name': 'msankeys963', 'name': 'sanket verma', 'id': '251464611'}, {'screen_name': 'cziscience', 'name': 'czi science', 'id': '870364054044520448'}]",0.0,2.0,8.0
13,1570064709306679298,1570060307044929536,2022-09-14 15:59:31 W. Central Africa Standard Time,2022-09-14,100,,".@normanrz: we are implementing support for #zarr, a file format that allows chunking (efficient for access to parts of a huge dataset) and streaming of data over the internet",en,['zarr'],[],180310067,,incforg,INCF,,,https://twitter.com/INCForg/status/1570064709306679298,[],[],0,,False,,,,,,,,,,,,[],,,,,,15:59:31,"[{'screen_name': 'normanrz', 'name': 'norman rzepka üá∫üá¶', 'id': '14376474'}]",1.0,1.0,2.0
14,1570060307044929536,1570060307044929536,2022-09-14 15:42:02 W. Central Africa Standard Time,2022-09-14,100,,"Third and final lightning talk for today: Norman Rzepka (@normanrz)  ""Large-scale data management and sharing with #Zarr and @webKnossos""  Abstract:  https://t.co/pRy5T2C7nK",en,['zarr'],[],180310067,,incforg,INCF,,,https://twitter.com/INCForg/status/1570060307044929536,['https://neuroinformatics.incf.org/2022/abstracts/large-scale-data-management-and-sharing-zarr-and-webknossos'],[],0,,False,,,,,,,,,,,,[],,,,,,15:42:02,"[{'screen_name': 'normanrz', 'name': 'norman rzepka üá∫üá¶', 'id': '14376474'}, {'screen_name': 'webknossos', 'name': 'webknossos', 'id': '1068822959639416833'}]",1.0,2.0,6.0
15,1568203759855058945,1568203736568238080,2022-09-09 12:44:46 W. Central Africa Standard Time,2022-09-09,100,,"""Multiple clients"" by @DrHenningFalk, ¬©2022 @NumFOCUS, shows several #viz tools that support #zarr, including @FijiSc, @webKnossos and #neuroglancer...to access the same datasets from centralized storage.   https://t.co/HPpgSWUz3b  https://t.co/4yObAkcgBh",en,"['viz', 'zarr', 'neuroglancer']",[],1195271337977241601,,zarr_dev,zarr_dev,,,https://twitter.com/zarr_dev/status/1568203759855058945,['https://github.com/zarr-developers/zarr-illustrations-falk-2022#multiple-clients'],['https://pbs.twimg.com/media/FcNgIqeWQAEaBQ2.png'],1,https://pbs.twimg.com/media/FcNgIqeWQAEaBQ2.png,False,,,,,,,,,,,,[],,,,,,12:44:46,"[{'screen_name': 'drhenningfalk', 'name': 'henning falk', 'id': '1488098278373830659'}, {'screen_name': 'numfocus', 'name': 'numfocus', 'id': '1068951084'}, {'screen_name': 'fijisc', 'name': 'fiji', 'id': '327880020'}, {'screen_name': 'webknossos', 'name': 'webknossos', 'id': '1068822959639416833'}]",2.0,0.0,4.0
16,1567577711006056455,1567577711006056455,2022-09-07 19:17:05 W. Central Africa Standard Time,2022-09-07,100,,Did you know that ironArray can access #Zarr remote arrays in a transparent way via the Zarr proxy array? See our tutorial here: üëá  https://t.co/r8fJvi9FhL,en,['zarr'],[],1188845703537348609,,ironarray,ironArray,,,https://twitter.com/ironArray/status/1567577711006056455,['https://ironarray.io/docs/html/tutorials/13.Zarr_proxy.html'],[],0,,False,,,,,,,,,,,,[],,,,,,19:17:05,[],0.0,3.0,11.0
17,1565708621303885824,1565708621303885824,2022-09-02 15:29:59 W. Central Africa Standard Time,2022-09-02,100,,Excited to teach our first workshop on Cloud Native Data for geospatial at @AZGeoCouncil 2022.  Workshop materials are all open source online here:  https://t.co/ElDtMveWXt  Big shout outs to @pointcloudpipe @GdalOrg @cogeotiff @xarray_dev #Zarr @pangeo_data @stacindex  https://t.co/u4fxjC0u9q,en,['zarr'],[],39188508,,tswetnam,Tyson Lee Swetnam,,,https://twitter.com/tswetnam/status/1565708621303885824,['https://tyson-swetnam.github.io/agic-2022/'],['https://pbs.twimg.com/media/FbqCYPDUEAAr_na.jpg'],1,https://pbs.twimg.com/media/FbqCYPDUEAAr_na.jpg,False,,,,,,,,,,,,[],,,,,,15:29:59,"[{'screen_name': 'azgeocouncil', 'name': 'arizona geographic information council (agic)', 'id': '1223343826284138498'}, {'screen_name': 'pointcloudpipe', 'name': 'pdal', 'id': '361925601'}, {'screen_name': 'gdalorg', 'name': 'gdal org', 'id': '1382667354891509765'}, {'screen_name': 'cogeotiff', 'name': 'cloud optimized geotiff (a.k.a cog)', 'id': '1273061363481542663'}, {'screen_name': 'xarray_dev', 'name': 'xarray', 'id': '1038181464431423488'}, {'screen_name': 'pangeo_data', 'name': 'pangeo', 'id': '1004450613969784832'}, {'screen_name': 'stacindex', 'name': 'stac index', 'id': '1454789916437659651'}]",1.0,12.0,43.0
18,1564289274555469824,1564289274555469824,2022-08-29 17:30:00 W. Central Africa Standard Time,2022-08-29,100,,#3x0narts #Leon #Le√≥n #Zarr #ocs #Krita #scheduled  https://t.co/7bb28a04vT,qme,"['3x0narts', 'leon', 'le√≥n', 'zarr', 'ocs', 'krita', 'scheduled']",[],1097550266319163399,,3x0narts,3x0nArts,,,https://twitter.com/3x0nArts/status/1564289274555469824,[],"['https://pbs.twimg.com/media/FatP-StWAAEOIDr.jpg', 'https://pbs.twimg.com/media/FatP-RxWYAAHRIf.jpg']",1,https://pbs.twimg.com/media/FatP-StWAAEOIDr.jpg,False,,,,,,,,,,,,[],,,,,,17:30:00,[],0.0,6.0,6.0
19,1562141195593302017,1562141195593302017,2022-08-23 19:14:18 W. Central Africa Standard Time,2022-08-23,100,,#MicrosoftPlanetary # #zarr #Datasette  https://t.co/frox4dXbYz,und,"['microsoftplanetary', 'zarr', 'datasette']",[],514574988,,satyakomatineni,Satya Komatineni,,,https://twitter.com/SatyaKomatineni/status/1562141195593302017,['http://Wikidata.org'],[],0,,False,,,,,,,,,,,,[],,,,,,19:14:18,[],0.0,0.0,0.0
20,1561369335867875328,1561369335867875328,2022-08-21 16:07:13 W. Central Africa Standard Time,2022-08-21,100,,Ayer fue su cumplea√±os y se me olvid√≥ dibujar algo :') #3x0narts #Zarr #Krita #oc  https://t.co/Or4eHuCYn6,es,"['3x0narts', 'zarr', 'krita', 'oc']",[],1097550266319163399,,3x0narts,3x0nArts,,,https://twitter.com/3x0nArts/status/1561369335867875328,[],['https://pbs.twimg.com/media/FasY-o1XwAEtEbk.jpg'],1,https://pbs.twimg.com/media/FasY-o1XwAEtEbk.jpg,False,,,,,,,,,,,,[],,,,,,16:07:13,[],0.0,3.0,8.0
21,1561038886062751746,1560520090310922240,2022-08-20 18:14:07 W. Central Africa Standard Time,2022-08-20,100,,"@mdsumner @TimSalabim3 @gdkrmr For #lexube not, but the suggestion by @TimSalabim3 was to do it with R. Considering that most #DataCube data coma as #zarr that is not really efficient right now and would require some detours...",en,"['lexube', 'datacube', 'zarr']",[],2919801897,,migueldmahecha,Miguel Mahecha,,,https://twitter.com/MiguelDMahecha/status/1561038886062751746,[],[],0,,False,,,,,,,,,,,,"[{'screen_name': 'mdsumner', 'name': 'Name Cannot Be Blank', 'id': '103516223'}, {'screen_name': 'TimSalabim3', 'name': 'TimSalabim @tim_salabim@fosstodon.org', 'id': '712203030079414272'}, {'screen_name': 'gdkrmr', 'name': 'Guido Kraemer', 'id': '2578975658'}]",,,,,,18:14:07,"[{'screen_name': 'timsalabim3', 'name': 'timsalabim @tim_salabim@fosstodon.org', 'id': '712203030079414272'}]",2.0,0.0,0.0
22,1560745724010065921,1560520090310922240,2022-08-19 22:49:12 W. Central Africa Standard Time,2022-08-19,100,,"@TimSalabim3 Would be really great, but to the best of our knowledge there is still no #rstats #zarr package available that makes that possible... or have there been some developments we missed @gdkrmr ?  https://t.co/KCmsTzyDQe",en,"['rstats', 'zarr']",[],2919801897,,migueldmahecha,Miguel Mahecha,,,https://twitter.com/MiguelDMahecha/status/1560745724010065921,['https://twitter.com/gdkrmr/status/1294337424827580416'],[],0,,False,,,,https://twitter.com/gdkrmr/status/1294337424827580416,,,,,,,,"[{'screen_name': 'TimSalabim3', 'name': 'TimSalabim', 'id': '712203030079414272'}]",,,,,,22:49:12,"[{'screen_name': 'gdkrmr', 'name': 'guido kraemer', 'id': '2578975658'}]",2.0,1.0,2.0
23,1556973266320982017,1556973266320982017,2022-08-09 12:58:48 W. Central Africa Standard Time,2022-08-09,100,,"Using the #Zarr file format in your research? Let the @zarr_dev team know (@gitchat thread üßµbelow). And if you're not yet using this format for your #microscopy data, here's a short video üì∫with @notjustmoore to explain why you should‚§µÔ∏è  https://t.co/N7JpvLl8pW",en,"['zarr', 'microscopy']",[],715426143457951744,,eurobioimaging,Euro-BioImaging ERIC,,,https://twitter.com/EuroBioImaging/status/1556973266320982017,['https://youtu.be/XCkHR2bDquk'],[],0,,False,,,,https://twitter.com/zarr_dev/status/1555559160208662530,,,,,,,,[],,,,,,12:58:48,"[{'screen_name': 'zarr_dev', 'name': 'zarr_dev', 'id': '1195271337977241601'}, {'screen_name': 'gitchat', 'name': 'gitter', 'id': '2195724427'}, {'screen_name': 'notjustmoore', 'name': 'josh moore', 'id': '344745010'}]",0.0,2.0,4.0
24,1555559160208662530,1555559160208662530,2022-08-05 15:19:39 W. Central Africa Standard Time,2022-08-05,100,,"üö® @BogovicJohn, @normanrz &amp; @notjustmoore are looking for citable papers where #Zarr has been used across all fields of research. Please share references below or on the @gitchat thread:   https://t.co/yTr4GfM9wl  https://t.co/qnrPnSMWBR",en,['zarr'],[],1195271337977241601,,zarr_dev,zarr_dev,,,https://twitter.com/zarr_dev/status/1555559160208662530,['https://gitter.im/zarr-developers/community?at=62ed22a972ad51741fd9edf4'],['https://pbs.twimg.com/tweet_video_thumb/FZZ0zzRXoAACNpA.jpg'],1,https://pbs.twimg.com/tweet_video_thumb/FZZ0zzRXoAACNpA.jpg,False,,,,,,,,,,,,[],,,,,,15:19:39,"[{'screen_name': 'bogovicjohn', 'name': 'john bogovic', 'id': '2848165007'}, {'screen_name': 'normanrz', 'name': 'norman rzepka üá∫üá¶', 'id': '14376474'}, {'screen_name': 'notjustmoore', 'name': 'josh moore', 'id': '344745010'}, {'screen_name': 'gitchat', 'name': 'gitter', 'id': '2195724427'}]",1.0,14.0,12.0
25,1554804675483926528,1554804675483926528,2022-08-03 13:21:36 W. Central Africa Standard Time,2022-08-03,100,,#ZARR  https://t.co/s26mVhtsHu,qme,['zarr'],[],1554711610295451650,,zaar_88,ZAARüòò,,,https://twitter.com/ZAAR_88/status/1554804675483926528,[],['https://pbs.twimg.com/media/FZPGm5VWYAERfkB.jpg'],1,https://pbs.twimg.com/media/FZPGm5VWYAERfkB.jpg,False,,,,,,,,,,,,[],,,,,,13:21:36,[],0.0,0.0,0.0
26,1552997825948123138,1552979919814156288,2022-07-29 13:41:49 W. Central Africa Standard Time,2022-07-29,100,,@AimalWali #Zarr Mashra üö©üö©‚úåÔ∏èüö©üö©,hi,['zarr'],[],1183641236483268608,,abidjankhattak3,ABiD JaN KhattaK,,,https://twitter.com/ABiDJaNKhattaK3/status/1552997825948123138,[],[],0,,False,,,,,,,,,,,,"[{'screen_name': 'AimalWali', 'name': 'Aimal Wali Khan', 'id': '216980566'}]",,,,,,13:41:49,[],0.0,0.0,0.0
27,1543726888908009472,1543726888908009472,2022-07-03 23:42:26 W. Central Africa Standard Time,2022-07-03,100,,.@opengeospatial endorses #Zarr 2.0 specification as community standard; showing that Zarr is now a de-facto way to access multi-dimensional data sets over the Web.    https://t.co/ewNBBCVfCw,en,['zarr'],[],1540938103589785600,,latlong_blog,Lat √ó Long,,,https://twitter.com/latlong_blog/status/1543726888908009472,['https://latlong.blog/standards/2022/ogc-endorses-zarr-2-0-community-standard.html'],[],0,,False,,,,,,,,,,,,[],,,,,,23:42:26,"[{'screen_name': 'opengeospatial', 'name': 'open geospatial: ogc', 'id': '26080216'}]",0.0,8.0,31.0
28,1528047388627456000,1528047388627456000,2022-05-21 17:17:41 W. Central Africa Standard Time,2022-05-21,100,,The networking session went super awesome. The community loved the in-person interaction after 2 years! Also we had pizzas! üçï @PyData @NumFOCUS  #community #opensource #zarr #dask #pandas  https://t.co/saNbZXjX2f,en,"['community', 'opensource', 'zarr', 'dask', 'pandas']",[],781242832363393024,,pydatadelhi,PyData Delhi,,,https://twitter.com/PyDataDelhi/status/1528047388627456000,[],"['https://pbs.twimg.com/media/FTS2_WpaUAEqgQG.jpg', 'https://pbs.twimg.com/media/FTS2_WqaMAUa3M5.jpg', 'https://pbs.twimg.com/media/FTS2_WraIAE4WMf.jpg']",1,https://pbs.twimg.com/media/FTS2_WpaUAEqgQG.jpg,False,,,,,,,,,,,,[],,,,,,17:17:41,"[{'screen_name': 'pydata', 'name': 'pydata', 'id': '750554018'}, {'screen_name': 'numfocus', 'name': 'numfocus', 'id': '1068951084'}]",0.0,3.0,6.0
29,1526977063067983872,1526977063067983872,2022-05-18 18:24:36 W. Central Africa Standard Time,2022-05-18,100,,"John Bogovic @BogovicJohn's Janelia+EMBL BioImaging seminar has just been posted on @HHMINEWS‚Äôs YouTube channel - Enjoy his hands-on talk titled ""A Tour of Chunked Storage with @FijiSc: #N5, #HDF5, and #Zarr."" üî¨üë®‚Äçüíªüëâ  https://t.co/6r1zNcQVXh  https://t.co/YZgePt5Dgz",en,"['n5', 'hdf5', 'zarr']",[],2369329526,,ulrike_boehm,Ulrike Boehm üî¨üë©üèª‚Äçüíª,,,https://twitter.com/Ulrike_Boehm/status/1526977063067983872,['https://www.youtube.com/watch?v=nYzYiXi0sYs'],['https://pbs.twimg.com/media/FTDodt4WUAMl99E.jpg'],1,https://pbs.twimg.com/media/FTDodt4WUAMl99E.jpg,False,,,,,,,,,,,,[],,,,,,18:24:36,"[{'screen_name': 'bogovicjohn', 'name': 'john bogovic', 'id': '2848165007'}, {'screen_name': 'hhminews', 'name': 'hhmi news', 'id': '43199901'}, {'screen_name': 'fijisc', 'name': 'fiji', 'id': '327880020'}]",0.0,7.0,32.0
30,1525154738202980352,1525154735589888003,2022-05-13 17:43:20 W. Central Africa Standard Time,2022-05-13,100,,"And for anyone who stopped reading at the paywall, don't miss the CC-BY benchmark results which build on the  #zarr/#tiff/#hdf5 comparison in the #omengff paper by adding in Indexed OME-TIFFs!   https://t.co/BPFsi1Wsct",en,"['zarr', 'tiff', 'hdf5', 'omengff']",[],344745010,,notjustmoore,Josh Moore,,,https://twitter.com/notjustmoore/status/1525154738202980352,['https://twitter.com/trevmanz/status/1524764249872117761'],[],0,,False,,,,https://twitter.com/trevmanz/status/1524764249872117761,,,,,,,,[],,,,,,17:43:20,[],0.0,3.0,7.0
31,1523998598375030785,1523998596705697795,2022-05-10 13:09:15 W. Central Africa Standard Time,2022-05-10,100,,"Support for #Zarr proxies:      a = ia.zarr_proxy('test.zarr', urlpath='test.iarr')   * They behave like native iArray objects.   * a.attrs: handle attributes of the IArray instance.   * a.zarr_attrs: handle attributes of Zarr instance.   * Easier integration with the ecosystem.",en,['zarr'],[],1188845703537348609,,ironarray,ironArray,,,https://twitter.com/ironArray/status/1523998598375030785,[],[],0,,False,,,,,,,,,,,,[],,,,,,13:09:15,[],1.0,0.0,1.0
32,1521498371088863232,1521498371088863232,2022-05-03 15:34:14 W. Central Africa Standard Time,2022-05-03,100,,üì® Calls have gone out for the Zarr Implementation Council to help shape the future of the #Zarr format.   https://t.co/YxHBt52FBe  https://t.co/JxoVgne1gd,en,['zarr'],[],1195271337977241601,,zarr_dev,zarr_dev,,,https://twitter.com/zarr_dev/status/1521498371088863232,['https://github.com/zarr-developers/governance/issues?q=is%3Aissue+is%3Aopen+label%3AZIC'],['https://pbs.twimg.com/media/FR1xzcYXwAAePjG.jpg'],1,https://pbs.twimg.com/media/FR1xzcYXwAAePjG.jpg,False,,,,,,,,,,,,[],,,,,,15:34:14,[],1.0,1.0,21.0
33,1516419028004265998,1516419028004265998,2022-04-19 15:10:44 W. Central Africa Standard Time,2022-04-19,100,,Cloud-Native Geo Event happening now üëá   https://t.co/rO6mQGDzyO  @opencholmes @opengeospatial @cogeotiff @STACspec  #COG #STAC #geospatial #zarr,en,"['cog', 'stac', 'geospatial', 'zarr']",[],99989439,,giswqs,Qiusheng Wu,,,https://twitter.com/giswqs/status/1516419028004265998,['https://schedule.cloudnativegeo.org'],[],0,,False,,,,https://twitter.com/opengeospatial/status/1514667417737347077,,,,,,,,[],,,,,,15:10:44,"[{'screen_name': 'opencholmes', 'name': 'chris holmes', 'id': '1427817540'}, {'screen_name': 'opengeospatial', 'name': 'open geospatial: ogc', 'id': '26080216'}, {'screen_name': 'cogeotiff', 'name': 'cloud optimized geotiff (a.k.a cog)', 'id': '1273061363481542663'}, {'screen_name': 'stacspec', 'name': 'spatiotemporal asset catalog', 'id': '1238551467881086982'}]",0.0,7.0,24.0
34,1516167576581255168,1516167576581255168,2022-04-18 22:31:33 W. Central Africa Standard Time,2022-04-18,100,,We will present at the #Cloud-Native #Geospatial Outreach Event on Wednesday Apr 20 4pm UTC about Cloud-ready #GeoServer. üëçüëçüëç  Info üëâ https://t.co/ITtzpVGzkH   Registration üëâ https://t.co/OJ2NHItZPl   @GeoServerO @GeoNode  #Cloud #COG #ZARR #webmaps #EO #MetOc  https://t.co/P4jlji0Wbz,en,"['cloud', 'geospatial', 'geoserver', 'cloud', 'cog', 'zarr', 'webmaps', 'eo', 'metoc']",[],200880433,,geosolutions_it,GeoSolutions üáÆüáπ üá∫üá∏ üá™üá∫ üîù,,,https://twitter.com/geosolutions_it/status/1516167576581255168,"['https://schedule.cloudnativegeo.org/#h.802ctrgqu8t7', 'https://na.eventscloud.com/website/36829/']",['https://pbs.twimg.com/media/FQqCSbxXIAIIvrD.jpg'],1,https://pbs.twimg.com/media/FQqCSbxXIAIIvrD.jpg,False,,,,,,,,,,,,[],,,,,,22:31:33,"[{'screen_name': 'geoservero', 'name': 'the real geoserver', 'id': '1221315142215962625'}, {'screen_name': 'geonode', 'name': 'geonode', 'id': '78394835'}]",0.0,7.0,17.0
35,1514543991475240963,1514543991475240963,2022-04-14 11:00:01 W. Central Africa Standard Time,2022-04-14,100,,We have integrated #OMENGFF using #zarr into OMERO Plus for scalable and cloud-friendly bioimage analysis and for the visualization of image processing outputs in PathViewer. We wrote about how and why in our latest blog post:  https://t.co/jvNn7shc0M,en,"['omengff', 'zarr']",[],962259091,,glencoesoftware,Glencoe Software,,,https://twitter.com/GlencoeSoftware/status/1514543991475240963,['https://bit.ly/3KGR7GV'],[],0,,False,,,,,,,,,,,,[],,,,,,11:00:01,[],0.0,12.0,19.0
36,1512474071036055558,1512474071036055558,2022-04-08 17:54:53 W. Central Africa Standard Time,2022-04-08,100,,I guess I wanted to practice a little c: #3x0narts #Le√≥n #Zarr #Krita  https://t.co/t1fgSfGpfI,en,"['3x0narts', 'le√≥n', 'zarr', 'krita']",[],1097550266319163399,,3x0narts,3x0nArts,,,https://twitter.com/3x0nArts/status/1512474071036055558,[],"['https://pbs.twimg.com/media/FP1i-X9XMAAontZ.jpg', 'https://pbs.twimg.com/media/FP1i-X3XwAY4-px.jpg']",1,https://pbs.twimg.com/media/FP1i-X9XMAAontZ.jpg,False,,,,,,,,,,,,[],,,,,,17:54:53,[],0.0,8.0,11.0
37,1511350429271085062,1511350429271085062,2022-04-05 15:29:56 W. Central Africa Standard Time,2022-04-05,100,,"I'm psyched ...  https://t.co/T2J1p2VTik  #geospatial #cloudnativegeospatial #COG #STAC, #Zarr",en,"['geospatial', 'cloudnativegeospatial', 'cog', 'stac', 'zarr']",[],21501718,,clintcabanero,clint cabanero,,,https://twitter.com/clintcabanero/status/1511350429271085062,['https://medium.com/radiant-earth-insights/save-the-date-cloud-native-geospatial-outreach-event-on-april-19-20-ef4e396e1053'],[],0,,False,,,,,,,,,,,,[],,,,,,15:29:56,[],0.0,0.0,0.0
38,1507385839898218500,1507385839898218500,2022-03-25 16:56:04 W. Central Africa Standard Time,2022-03-25,100,,"Glencoe Software's Chris MacLeod will speak on Monday, March 28th at 9:30 AM PDT at #ABRF2022 on Cloud-Optimized Data Management and Analysis for Biological Image Data with OMERO Plus and #OMENGFF, a new cloud-friendly data format using #zarr. To register:  https://t.co/FkBcMuCQKh  https://t.co/3rE8grFPRr",en,"['abrf2022', 'omengff', 'zarr']",[],962259091,,glencoesoftware,Glencoe Software,,,https://twitter.com/GlencoeSoftware/status/1507385839898218500,['https://web.cvent.com/event/d0a06b4a-5ee0-4d99-84eb-017ff3e8325e/summary'],['https://pbs.twimg.com/media/FOs0F7bXMAkboC-.jpg'],1,https://pbs.twimg.com/media/FOs0F7bXMAkboC-.jpg,False,,,,,,,,,,,,[],,,,,,16:56:04,[],2.0,5.0,14.0
39,1506242447629762565,1506223562981584903,2022-03-22 13:12:38 W. Central Africa Standard Time,2022-03-22,100,,"@benjamin_l_s I‚Äôve had several people tell me that Lambda can‚Äôt be used with big data applications. Might have been true in the past, but not with EFS mounts or #zarr datasets!",en,['zarr'],[],4515258509,,alexanderrey42,Alexander Rey,,,https://twitter.com/alexanderrey42/status/1506242447629762565,[],[],0,,False,,,,,,,,,,,,"[{'screen_name': 'benjamin_l_s', 'name': 'Ben', 'id': '2242186111'}]",,,,,,13:12:38,[],1.0,0.0,5.0
40,1501971778696065027,1501971778696065027,2022-03-10 18:22:31 W. Central Africa Standard Time,2022-03-10,100,,Cloud-optimierte Geoformate an der #FOSSGIS2022 - hier die Folien:  https://t.co/4Fpx4BNwlu #CloudComputing @cogeotiff @flatgeobuf #GeoParquet #Zarr #PMTiles #COPC,de,"['fossgis2022', 'cloudcomputing', 'geoparquet', 'zarr', 'pmtiles', 'copc']",[],1038092508,,sourcepole,Sourcepole,,,https://twitter.com/sourcepole/status/1501971778696065027,['https://blog.sourcepole.ch/2022/03/09/fossgis-2022/'],[],0,,False,,,,,,,,,,,,[],,,,,,18:22:31,"[{'screen_name': 'cogeotiff', 'name': 'cloud optimized geotiff (a.k.a cog)', 'id': '1273061363481542663'}, {'screen_name': 'flatgeobuf', 'name': 'flatgeobuf', 'id': '1120045585145434113'}]",2.0,6.0,7.0
41,1498354591670411268,1498354591670411268,2022-02-28 18:49:07 W. Central Africa Standard Time,2022-02-28,100,,"üì¢Calling all users working with geospatial formats!   Cloud-Native Geospatial Outreach Day is here. Have real-world experience on @STACspec, @cogeotiff, #Zarr, #COP? Become a speaker for this virtual event!  üóìÔ∏èSubmit this form by March 15 to be considered  https://t.co/XATgZ6S1FR  https://t.co/GP1YecUqlT",en,"['zarr', 'cop']",[],823605790170816515,,ourradiantearth,Radiant Earth Foundation,,,https://twitter.com/OurRadiantEarth/status/1498354591670411268,['https://docs.google.com/forms/d/e/1FAIpQLSe2iKvsMm8vYDso2L1IDQki4xIAdKyB8nUbqz8Kz95oCFkokQ/viewform'],['https://pbs.twimg.com/media/FMs5L01XsAAq7mY.jpg'],1,https://pbs.twimg.com/media/FMs5L01XsAAq7mY.jpg,False,,,,,,,,,,,,[],,,,,,18:49:07,"[{'screen_name': 'stacspec', 'name': 'spatiotemporal asset catalog', 'id': '1238551467881086982'}, {'screen_name': 'cogeotiff', 'name': 'cloud optimized geotiff (a.k.a cog)', 'id': '1273061363481542663'}]",1.0,20.0,25.0
42,1496974485614137344,1496974485614137344,2022-02-24 23:25:04 W. Central Africa Standard Time,2022-02-24,100,,"oh dear, is this still true?   #zarr   https://t.co/wUzFZFi9Ys  https://t.co/8r55nUAh1t",en,['zarr'],[],103516223,,mdsumner,Name Cannot Be Blank,,,https://twitter.com/mdsumner/status/1496974485614137344,['https://gdal.org/drivers/raster/zarr.html#srs-encoding'],['https://pbs.twimg.com/media/FMZSTPPaQAIHVxj.png'],1,https://pbs.twimg.com/media/FMZSTPPaQAIHVxj.png,False,,,,,,,,,,,,[],,,,,,23:25:04,[],1.0,0.0,0.0
43,1496518731467476992,1496518731467476992,2022-02-23 17:14:04 W. Central Africa Standard Time,2022-02-23,100,,"Save the date for the Cloud Native #Geospatial Outreach Day! If you work with @STACspec, @cogeotiff, #Zarr &amp; #COPC - or want to know more about these standards - make sure to click below to learn how to participate in this virtual event üëáüèæ",en,"['geospatial', 'zarr', 'copc']",[],823605790170816515,,ourradiantearth,Radiant Earth Foundation,,,https://twitter.com/OurRadiantEarth/status/1496518731467476992,[],[],0,,False,,,,https://twitter.com/opencholmes/status/1496241553110867968,,,,,,,,[],,,,,,17:14:04,"[{'screen_name': 'stacspec', 'name': 'spatiotemporal asset catalog', 'id': '1238551467881086982'}, {'screen_name': 'cogeotiff', 'name': 'cloud optimized geotiff (a.k.a cog)', 'id': '1273061363481542663'}]",0.0,4.0,11.0
44,1491391571786350594,1491391571786350594,2022-02-09 13:40:34 W. Central Africa Standard Time,2022-02-09,100,,"We've worked closely with @openmicroscopy to develop and adopt #OMENGFF, a new cloud-friendly data format for multi-D bioimaging data using #zarr. Read more about our motivations and our tooling for converting to and working with OME-NGFF in our blog post:  https://t.co/XBBH8MjmA2",en,"['omengff', 'zarr']",[],962259091,,glencoesoftware,Glencoe Software,,,https://twitter.com/GlencoeSoftware/status/1491391571786350594,['https://bit.ly/3uCBRpo'],[],0,,False,,,,,,,,,,,,[],,,,,,13:40:34,"[{'screen_name': 'openmicroscopy', 'name': 'openmicroscopy', 'id': '15369506'}]",0.0,11.0,22.0
45,1483828050152157185,1483563061835304960,2022-01-19 16:45:50 W. Central Africa Standard Time,2022-01-19,100,,"what is the prequel to #zarr compression, since reading the tutorial points to numcodecs which points back to a computer engineering/science degree that I lack? While I work with the National Organizational for the Advancement of Acronyms I need a cypher for these acronyms...",en,['zarr'],[],180667856,,jimmyc42,"james correia j‚òà, PhD",,,https://twitter.com/jimmyc42/status/1483828050152157185,[],[],0,,False,,,,,,,,,,,,[],,,,,,16:45:50,[],1.0,0.0,0.0
