id,conversation_id,created_at,date,time,timezone,user_id,username,name,place,tweet,language,mentions,urls,photos,replies_count,retweets_count,likes_count,hashtags,cashtags,link,retweet,quote_url,video,thumbnail,near,geo,source,user_rt_id,user_rt,retweet_id,reply_to,retweet_date,translate,trans_src,trans_dest
1587745091040563201,1587745091040563201,2022-11-02 10:55:03 W. Central Africa Standard Time,2022-11-02,10:55:03,+0100,1195271337977241601,zarr_dev,zarr_dev,,üéûÔ∏è Looking for videos about #Zarr?  Finding some just got easier ‚ñ∂Ô∏è  https://t.co/T8jVwMHemq,en,[],['https://www.youtube.com/@zarr_dev'],[],1,1,4,['zarr'],[],https://twitter.com/zarr_dev/status/1587745091040563201,False,https://twitter.com/TeamYouTube/status/1579503236243165185,0,,,,,,,,[],,,,
1585280372698484736,1585280372698484736,2022-10-26 15:41:08 W. Central Africa Standard Time,2022-10-26,15:41:08,+0100,2912733829,remitano,Remitano,,"ü´≥Crypto Lendingü´¥| New adds  Welcome, #ETH and #ZARR, to the Lending Pool!  Everybody can earn with Remitano! üòé  Let's supply this!üòè üëáüëáüëá  https://t.co/TPtSde6TJt #Remitano #RENEC #CryptoLending  https://t.co/JuvuNs9n0V",en,[],['https://bit.ly/3WcvfcH'],['https://pbs.twimg.com/media/FgAMGNqWIAEPJIU.jpg'],31,39,210,"['eth', 'zarr', 'remitano', 'renec', 'cryptolending']",[],https://twitter.com/remitano/status/1585280372698484736,False,,1,https://pbs.twimg.com/media/FgAMGNqWIAEPJIU.jpg,,,,,,,[],,,,
1582413612433346571,1582413612433346571,2022-10-18 17:49:39 W. Central Africa Standard Time,2022-10-18,17:49:39,+0100,15369506,openmicroscopy,openmicroscopy,,"ICYMI: #SpatialData is an exciting ongoing effort to define a joint specification between #OMENGFF and #anndata which can be stored in a single #Zarr fileset. If  you are interested in getting involved, check out the specification discussion at  https://t.co/p4YfTPvUlR",en,[],['https://github.com/ome/ngff/pull/64'],[],0,1,6,"['spatialdata', 'omengff', 'anndata', 'zarr']",[],https://twitter.com/openmicroscopy/status/1582413612433346571,False,https://twitter.com/LucaMarconato2/status/1582021694671056896,0,,,,,,,,[],,,,
1580130892692918272,1580130892692918272,2022-10-12 10:38:56 W. Central Africa Standard Time,2022-10-12,10:38:56,+0100,297915370,ruth_mottram,Ruth Mottram,,"Now at the #CMIP6ArcticBootcamp, Tina Odaka is telling us how to speed up computation using #Dask and #Zarr within @pangeo_data to chunk data...  The @ProjectJupyter hub notebooks are really assisting learning with live exercises..  https://t.co/RnHKdpLKiN",en,"[{'screen_name': 'pangeo_data', 'name': 'pangeo', 'id': '1004450613969784832'}, {'screen_name': 'projectjupyter', 'name': 'project jupyter', 'id': '2460368252'}]",[],['https://pbs.twimg.com/media/Fe3AivXWIAANgOC.jpg'],1,2,8,"['cmip6arcticbootcamp', 'dask', 'zarr']",[],https://twitter.com/ruth_mottram/status/1580130892692918272,False,,1,https://pbs.twimg.com/media/Fe3AivXWIAANgOC.jpg,,,,,,,[],,,,
1574417198495449092,1574417198495449092,2022-09-26 16:14:46 W. Central Africa Standard Time,2022-09-26,16:14:46,+0100,14091956,cschrader,Claude Schrader,,This thread on benchmarking #zarr vs #parquet is a good one with lots of interesting detail.,en,[],[],[],0,1,1,"['zarr', 'parquet']",[],https://twitter.com/cschrader/status/1574417198495449092,False,https://twitter.com/rajadain/status/1574097616987688963,0,,,,,,,,[],,,,
1574409561024380930,1574409561024380930,2022-09-26 15:44:25 W. Central Africa Standard Time,2022-09-26,15:44:25,+0100,111365089,azavea,Azavea,,Check out this great thread üßµ from Azavean @rajadain that dives into the background behind our latest blog where we compare #Zarr and #Parquet for #NWM access.   We benchmarked them both &amp; you can read more here:  https://t.co/4J9i3Z6JSb,en,"[{'screen_name': 'rajadain', 'name': 'terence tuhinanshu', 'id': '258709112'}]",['https://www.azavea.com/blog/2022/09/22/benchmarking-zarr-and-parquet-data-retrieval-using-the-national-water-model-nwm-in-a-cloud-native-environment/'],[],0,1,2,"['zarr', 'parquet', 'nwm']",[],https://twitter.com/azavea/status/1574409561024380930,False,https://twitter.com/rajadain/status/1574097616987688963,0,,,,,,,,[],,,,
1574097650047229954,1574097616987688963,2022-09-25 19:04:59 W. Central Africa Standard Time,2022-09-25,19:04:59,+0100,258709112,rajadain,Terence Tuhinanshu,,"To compare #Zarr and #Parquet for #NWM access, we benchmarked them both! Here's what we found:   https://t.co/BumRX08rlt",en,[],['https://twitter.com/azavea/status/1573036727169871872'],[],1,2,5,"['zarr', 'parquet', 'nwm']",[],https://twitter.com/rajadain/status/1574097650047229954,False,https://twitter.com/azavea/status/1573036727169871872,0,,,,,,,,[],,,,
1574097645806682121,1574097616987688963,2022-09-25 19:04:58 W. Central Africa Standard Time,2022-09-25,19:04:58,+0100,258709112,rajadain,Terence Tuhinanshu,,"The #NWM #Zarr dataset above is chunked along the feature dimension. But to query long time ranges for a small area, it is better to chunk along the time dimension (transpose it). This work is done here:   https://t.co/MGPxDBc18N",en,[],['https://github.com/azavea/noaa-hydro-data/blob/master/src/esip-2022-presentation/save_zarr_data.ipynb'],[],1,0,0,"['nwm', 'zarr']",[],https://twitter.com/rajadain/status/1574097645806682121,False,,0,,,,,,,,[],,,,
1573183377812889600,1573183377812889600,2022-09-23 06:32:00 W. Central Africa Standard Time,2022-09-23,06:32:00,+0100,557115386,it4innovations,IT4Innovations,,At IT4Innovations we also care about open source software. In the week 5th to 10th Sep we have supported and organized a #hackathon to bring modern open data format #NGFF #zarr into popular open desktop image processing software #Fiji. @VladimirUlman  https://t.co/QTOZ4iIEc8,en,"[{'screen_name': 'vladimirulman', 'name': 'vladim√≠r ulman', 'id': '796439688223621120'}]",[],[],1,0,3,"['hackathon', 'ngff', 'zarr', 'fiji']",[],https://twitter.com/IT4Innovations/status/1573183377812889600,False,,1,https://pbs.twimg.com/ext_tw_video_thumb/1573182980746526720/pu/img/4O2Wiv1RRyHdPqFY.jpg,,,,,,,[],,,,
1573036727169871872,1573036727169871872,2022-09-22 20:49:16 W. Central Africa Standard Time,2022-09-22,20:49:16,+0100,111365089,azavea,Azavea,,We take a deep dive into #Zarr and #Parquet data retrieval in our latest blog to compare performance on various time scales when it comes to large &amp; complex datasets like the #NationalWaterModel.  Check it out:   https://t.co/4J9i3Z7hHJ,en,[],['https://www.azavea.com/blog/2022/09/22/benchmarking-zarr-and-parquet-data-retrieval-using-the-national-water-model-nwm-in-a-cloud-native-environment/'],[],0,5,19,"['zarr', 'parquet', 'nationalwatermodel']",[],https://twitter.com/azavea/status/1573036727169871872,False,,0,,,,,,,,[],,,,
1572981355180433408,1572677162045407233,2022-09-22 17:09:14 W. Central Africa Standard Time,2022-09-22,17:09:14,+0100,1302887191748673536,philippbauman15,Philipp Baumann,,@minigamedev Looks like I have to learn some more deep magic üßô‚Äç‚ôÄÔ∏èüòÄ @gdkrmr has started some pretty neat bindings to #zarr via #z5 by @cppape . Afraid will take a bit of time to dive deeper for extending tooling. üòé,en,"[{'screen_name': 'gdkrmr', 'name': 'guido kraemer', 'id': '2578975658'}, {'screen_name': 'cppape', 'name': 'constantin pape', 'id': '4513176988'}]",[],[],1,0,1,"['zarr', 'z5']",[],https://twitter.com/PhilippBauman15/status/1572981355180433408,False,,0,,,,,,,,"[{'screen_name': 'minigamedev', 'name': 'minigamedev', 'id': '40634313'}]",,,,
1572228320745623552,1572228320745623552,2022-09-20 15:16:56 W. Central Africa Standard Time,2022-09-20,15:16:56,+0100,251464611,msankeys963,Sanket Verma,,Hi everyone.üëãüèª  The @zarr_dev team is at @cziscience's Open Science Summit. We had a fantastic Day 1 with a lot of healthy and productive discussions around #Zarr. üßëüèª‚Äçüíª  If you'd like to know more about Zarr feel free to grab us over the next 2 days. #CZIOpenSci  https://t.co/fOkppK37Qq,en,"[{'screen_name': 'zarr_dev', 'name': 'zarr_dev', 'id': '1195271337977241601'}, {'screen_name': 'cziscience', 'name': 'czi science', 'id': '870364054044520448'}]",[],['https://pbs.twimg.com/media/FdGnASgagAAM1YD.jpg'],3,3,20,"['zarr', 'cziopensci']",[],https://twitter.com/MSanKeys963/status/1572228320745623552,False,,1,https://pbs.twimg.com/media/FdGnASgagAAM1YD.jpg,,,,,,,[],,,,
1571895741647388674,1571895741647388674,2022-09-19 17:15:23 W. Central Africa Standard Time,2022-09-19,17:15:23,+0100,1195271337977241601,zarr_dev,zarr_dev,,At the #CZIOpenSci meeting and want to find out more about #Zarr? Reach out to our community manager extraordinaire @MSanKeys963 üëã  with thanks to @cziscience  https://t.co/YdJQWdmrIT,en,"[{'screen_name': 'msankeys963', 'name': 'sanket verma', 'id': '251464611'}, {'screen_name': 'cziscience', 'name': 'czi science', 'id': '870364054044520448'}]",[],"['https://pbs.twimg.com/media/FdB-ef9XoAUZPIM.jpg', 'https://pbs.twimg.com/media/FdB-v1mXoAEgFis.jpg', 'https://pbs.twimg.com/media/FdB-PXdXEAQALrw.jpg']",0,2,8,"['cziopensci', 'zarr']",[],https://twitter.com/zarr_dev/status/1571895741647388674,False,,1,https://pbs.twimg.com/media/FdB-ef9XoAUZPIM.jpg,,,,,,,[],,,,
1570064709306679298,1570060307044929536,2022-09-14 15:59:31 W. Central Africa Standard Time,2022-09-14,15:59:31,+0100,180310067,incforg,INCF,,".@normanrz: we are implementing support for #zarr, a file format that allows chunking (efficient for access to parts of a huge dataset) and streaming of data over the internet",en,"[{'screen_name': 'normanrz', 'name': 'norman rzepka üá∫üá¶', 'id': '14376474'}]",[],[],1,1,2,['zarr'],[],https://twitter.com/INCForg/status/1570064709306679298,False,,0,,,,,,,,[],,,,
1570060307044929536,1570060307044929536,2022-09-14 15:42:02 W. Central Africa Standard Time,2022-09-14,15:42:02,+0100,180310067,incforg,INCF,,"Third and final lightning talk for today: Norman Rzepka (@normanrz)  ""Large-scale data management and sharing with #Zarr and @webKnossos""  Abstract:  https://t.co/pRy5T2C7nK",en,"[{'screen_name': 'normanrz', 'name': 'norman rzepka üá∫üá¶', 'id': '14376474'}, {'screen_name': 'webknossos', 'name': 'webknossos', 'id': '1068822959639416833'}]",['https://neuroinformatics.incf.org/2022/abstracts/large-scale-data-management-and-sharing-zarr-and-webknossos'],[],1,2,6,['zarr'],[],https://twitter.com/INCForg/status/1570060307044929536,False,,0,,,,,,,,[],,,,
1568203759855058945,1568203736568238080,2022-09-09 12:44:46 W. Central Africa Standard Time,2022-09-09,12:44:46,+0100,1195271337977241601,zarr_dev,zarr_dev,,"""Multiple clients"" by @DrHenningFalk, ¬©2022 @NumFOCUS, shows several #viz tools that support #zarr, including @FijiSc, @webKnossos and #neuroglancer...to access the same datasets from centralized storage.   https://t.co/HPpgSWUz3b  https://t.co/4yObAkcgBh",en,"[{'screen_name': 'drhenningfalk', 'name': 'henning falk', 'id': '1488098278373830659'}, {'screen_name': 'numfocus', 'name': 'numfocus', 'id': '1068951084'}, {'screen_name': 'fijisc', 'name': 'fiji', 'id': '327880020'}, {'screen_name': 'webknossos', 'name': 'webknossos', 'id': '1068822959639416833'}]",['https://github.com/zarr-developers/zarr-illustrations-falk-2022#multiple-clients'],['https://pbs.twimg.com/media/FcNgIqeWQAEaBQ2.png'],2,0,4,"['viz', 'zarr', 'neuroglancer']",[],https://twitter.com/zarr_dev/status/1568203759855058945,False,,1,https://pbs.twimg.com/media/FcNgIqeWQAEaBQ2.png,,,,,,,[],,,,
1567577711006056455,1567577711006056455,2022-09-07 19:17:05 W. Central Africa Standard Time,2022-09-07,19:17:05,+0100,1188845703537348609,ironarray,ironArray,,Did you know that ironArray can access #Zarr remote arrays in a transparent way via the Zarr proxy array? See our tutorial here: üëá  https://t.co/r8fJvi9FhL,en,[],['https://ironarray.io/docs/html/tutorials/13.Zarr_proxy.html'],[],0,3,11,['zarr'],[],https://twitter.com/ironArray/status/1567577711006056455,False,,0,,,,,,,,[],,,,
1565708621303885824,1565708621303885824,2022-09-02 15:29:59 W. Central Africa Standard Time,2022-09-02,15:29:59,+0100,39188508,tswetnam,Tyson Lee Swetnam,,Excited to teach our first workshop on Cloud Native Data for geospatial at @AZGeoCouncil 2022.  Workshop materials are all open source online here:  https://t.co/ElDtMveWXt  Big shout outs to @pointcloudpipe @GdalOrg @cogeotiff @xarray_dev #Zarr @pangeo_data @stacindex  https://t.co/u4fxjC0u9q,en,"[{'screen_name': 'azgeocouncil', 'name': 'arizona geographic information council (agic)', 'id': '1223343826284138498'}, {'screen_name': 'pointcloudpipe', 'name': 'pdal', 'id': '361925601'}, {'screen_name': 'gdalorg', 'name': 'gdal org', 'id': '1382667354891509765'}, {'screen_name': 'cogeotiff', 'name': 'cloud optimized geotiff (a.k.a cog)', 'id': '1273061363481542663'}, {'screen_name': 'xarray_dev', 'name': 'xarray', 'id': '1038181464431423488'}, {'screen_name': 'pangeo_data', 'name': 'pangeo', 'id': '1004450613969784832'}, {'screen_name': 'stacindex', 'name': 'stac index', 'id': '1454789916437659651'}]",['https://tyson-swetnam.github.io/agic-2022/'],['https://pbs.twimg.com/media/FbqCYPDUEAAr_na.jpg'],1,12,43,['zarr'],[],https://twitter.com/tswetnam/status/1565708621303885824,False,,1,https://pbs.twimg.com/media/FbqCYPDUEAAr_na.jpg,,,,,,,[],,,,
1564289274555469824,1564289274555469824,2022-08-29 17:30:00 W. Central Africa Standard Time,2022-08-29,17:30:00,+0100,1097550266319163399,3x0narts,3x0nArts,,#3x0narts #Leon #Le√≥n #Zarr #ocs #Krita #scheduled  https://t.co/7bb28a04vT,qme,[],[],"['https://pbs.twimg.com/media/FatP-StWAAEOIDr.jpg', 'https://pbs.twimg.com/media/FatP-RxWYAAHRIf.jpg']",0,6,6,"['3x0narts', 'leon', 'le√≥n', 'zarr', 'ocs', 'krita', 'scheduled']",[],https://twitter.com/3x0nArts/status/1564289274555469824,False,,1,https://pbs.twimg.com/media/FatP-StWAAEOIDr.jpg,,,,,,,[],,,,
1562141195593302017,1562141195593302017,2022-08-23 19:14:18 W. Central Africa Standard Time,2022-08-23,19:14:18,+0100,514574988,satyakomatineni,Satya Komatineni,,#MicrosoftPlanetary # #zarr #Datasette  https://t.co/frox4dXbYz,und,[],['http://Wikidata.org'],[],0,0,0,"['microsoftplanetary', 'zarr', 'datasette']",[],https://twitter.com/SatyaKomatineni/status/1562141195593302017,False,,0,,,,,,,,[],,,,
1561369335867875328,1561369335867875328,2022-08-21 16:07:13 W. Central Africa Standard Time,2022-08-21,16:07:13,+0100,1097550266319163399,3x0narts,3x0nArts,,Ayer fue su cumplea√±os y se me olvid√≥ dibujar algo :') #3x0narts #Zarr #Krita #oc  https://t.co/Or4eHuCYn6,es,[],[],['https://pbs.twimg.com/media/FasY-o1XwAEtEbk.jpg'],0,3,8,"['3x0narts', 'zarr', 'krita', 'oc']",[],https://twitter.com/3x0nArts/status/1561369335867875328,False,,1,https://pbs.twimg.com/media/FasY-o1XwAEtEbk.jpg,,,,,,,[],,,,
1561038886062751746,1560520090310922240,2022-08-20 18:14:07 W. Central Africa Standard Time,2022-08-20,18:14:07,+0100,2919801897,migueldmahecha,Miguel Mahecha,,"@mdsumner @TimSalabim3 @gdkrmr For #lexube not, but the suggestion by @TimSalabim3 was to do it with R. Considering that most #DataCube data coma as #zarr that is not really efficient right now and would require some detours...",en,"[{'screen_name': 'timsalabim3', 'name': 'timsalabim @tim_salabim@fosstodon.org', 'id': '712203030079414272'}]",[],[],2,0,0,"['lexube', 'datacube', 'zarr']",[],https://twitter.com/MiguelDMahecha/status/1561038886062751746,False,,0,,,,,,,,"[{'screen_name': 'mdsumner', 'name': 'Name Cannot Be Blank', 'id': '103516223'}, {'screen_name': 'TimSalabim3', 'name': 'TimSalabim @tim_salabim@fosstodon.org', 'id': '712203030079414272'}, {'screen_name': 'gdkrmr', 'name': 'Guido Kraemer', 'id': '2578975658'}]",,,,
1560745724010065921,1560520090310922240,2022-08-19 22:49:12 W. Central Africa Standard Time,2022-08-19,22:49:12,+0100,2919801897,migueldmahecha,Miguel Mahecha,,"@TimSalabim3 Would be really great, but to the best of our knowledge there is still no #rstats #zarr package available that makes that possible... or have there been some developments we missed @gdkrmr ?  https://t.co/KCmsTzyDQe",en,"[{'screen_name': 'gdkrmr', 'name': 'guido kraemer', 'id': '2578975658'}]",['https://twitter.com/gdkrmr/status/1294337424827580416'],[],2,1,2,"['rstats', 'zarr']",[],https://twitter.com/MiguelDMahecha/status/1560745724010065921,False,https://twitter.com/gdkrmr/status/1294337424827580416,0,,,,,,,,"[{'screen_name': 'TimSalabim3', 'name': 'TimSalabim', 'id': '712203030079414272'}]",,,,
1556973266320982017,1556973266320982017,2022-08-09 12:58:48 W. Central Africa Standard Time,2022-08-09,12:58:48,+0100,715426143457951744,eurobioimaging,Euro-BioImaging ERIC,,"Using the #Zarr file format in your research? Let the @zarr_dev team know (@gitchat thread üßµbelow). And if you're not yet using this format for your #microscopy data, here's a short video üì∫with @notjustmoore to explain why you should‚§µÔ∏è  https://t.co/N7JpvLl8pW",en,"[{'screen_name': 'zarr_dev', 'name': 'zarr_dev', 'id': '1195271337977241601'}, {'screen_name': 'gitchat', 'name': 'gitter', 'id': '2195724427'}, {'screen_name': 'notjustmoore', 'name': 'josh moore', 'id': '344745010'}]",['https://youtu.be/XCkHR2bDquk'],[],0,2,4,"['zarr', 'microscopy']",[],https://twitter.com/EuroBioImaging/status/1556973266320982017,False,https://twitter.com/zarr_dev/status/1555559160208662530,0,,,,,,,,[],,,,
1555559160208662530,1555559160208662530,2022-08-05 15:19:39 W. Central Africa Standard Time,2022-08-05,15:19:39,+0100,1195271337977241601,zarr_dev,zarr_dev,,"üö® @BogovicJohn, @normanrz &amp; @notjustmoore are looking for citable papers where #Zarr has been used across all fields of research. Please share references below or on the @gitchat thread:   https://t.co/yTr4GfM9wl  https://t.co/qnrPnSMWBR",en,"[{'screen_name': 'bogovicjohn', 'name': 'john bogovic', 'id': '2848165007'}, {'screen_name': 'normanrz', 'name': 'norman rzepka üá∫üá¶', 'id': '14376474'}, {'screen_name': 'notjustmoore', 'name': 'josh moore', 'id': '344745010'}, {'screen_name': 'gitchat', 'name': 'gitter', 'id': '2195724427'}]",['https://gitter.im/zarr-developers/community?at=62ed22a972ad51741fd9edf4'],['https://pbs.twimg.com/tweet_video_thumb/FZZ0zzRXoAACNpA.jpg'],1,14,12,['zarr'],[],https://twitter.com/zarr_dev/status/1555559160208662530,False,,1,https://pbs.twimg.com/tweet_video_thumb/FZZ0zzRXoAACNpA.jpg,,,,,,,[],,,,
1554804675483926528,1554804675483926528,2022-08-03 13:21:36 W. Central Africa Standard Time,2022-08-03,13:21:36,+0100,1554711610295451650,zaar_88,ZAARüòò,,#ZARR  https://t.co/s26mVhtsHu,qme,[],[],['https://pbs.twimg.com/media/FZPGm5VWYAERfkB.jpg'],0,0,0,['zarr'],[],https://twitter.com/ZAAR_88/status/1554804675483926528,False,,1,https://pbs.twimg.com/media/FZPGm5VWYAERfkB.jpg,,,,,,,[],,,,
1552997825948123138,1552979919814156288,2022-07-29 13:41:49 W. Central Africa Standard Time,2022-07-29,13:41:49,+0100,1183641236483268608,abidjankhattak3,ABiD JaN KhattaK,,@AimalWali #Zarr Mashra üö©üö©‚úåÔ∏èüö©üö©,hi,[],[],[],0,0,0,['zarr'],[],https://twitter.com/ABiDJaNKhattaK3/status/1552997825948123138,False,,0,,,,,,,,"[{'screen_name': 'AimalWali', 'name': 'Aimal Wali Khan', 'id': '216980566'}]",,,,
1543726888908009472,1543726888908009472,2022-07-03 23:42:26 W. Central Africa Standard Time,2022-07-03,23:42:26,+0100,1540938103589785600,latlong_blog,Lat √ó Long,,.@opengeospatial endorses #Zarr 2.0 specification as community standard; showing that Zarr is now a de-facto way to access multi-dimensional data sets over the Web.    https://t.co/ewNBBCVfCw,en,"[{'screen_name': 'opengeospatial', 'name': 'open geospatial: ogc', 'id': '26080216'}]",['https://latlong.blog/standards/2022/ogc-endorses-zarr-2-0-community-standard.html'],[],0,8,31,['zarr'],[],https://twitter.com/latlong_blog/status/1543726888908009472,False,,0,,,,,,,,[],,,,
1528047388627456000,1528047388627456000,2022-05-21 17:17:41 W. Central Africa Standard Time,2022-05-21,17:17:41,+0100,781242832363393024,pydatadelhi,PyData Delhi,,The networking session went super awesome. The community loved the in-person interaction after 2 years! Also we had pizzas! üçï @PyData @NumFOCUS  #community #opensource #zarr #dask #pandas  https://t.co/saNbZXjX2f,en,"[{'screen_name': 'pydata', 'name': 'pydata', 'id': '750554018'}, {'screen_name': 'numfocus', 'name': 'numfocus', 'id': '1068951084'}]",[],"['https://pbs.twimg.com/media/FTS2_WpaUAEqgQG.jpg', 'https://pbs.twimg.com/media/FTS2_WqaMAUa3M5.jpg', 'https://pbs.twimg.com/media/FTS2_WraIAE4WMf.jpg']",0,3,6,"['community', 'opensource', 'zarr', 'dask', 'pandas']",[],https://twitter.com/PyDataDelhi/status/1528047388627456000,False,,1,https://pbs.twimg.com/media/FTS2_WpaUAEqgQG.jpg,,,,,,,[],,,,
1526977063067983872,1526977063067983872,2022-05-18 18:24:36 W. Central Africa Standard Time,2022-05-18,18:24:36,+0100,2369329526,ulrike_boehm,Ulrike Boehm üî¨üë©üèª‚Äçüíª,,"John Bogovic @BogovicJohn's Janelia+EMBL BioImaging seminar has just been posted on @HHMINEWS‚Äôs YouTube channel - Enjoy his hands-on talk titled ""A Tour of Chunked Storage with @FijiSc: #N5, #HDF5, and #Zarr."" üî¨üë®‚Äçüíªüëâ  https://t.co/6r1zNcQVXh  https://t.co/YZgePt5Dgz",en,"[{'screen_name': 'bogovicjohn', 'name': 'john bogovic', 'id': '2848165007'}, {'screen_name': 'hhminews', 'name': 'hhmi news', 'id': '43199901'}, {'screen_name': 'fijisc', 'name': 'fiji', 'id': '327880020'}]",['https://www.youtube.com/watch?v=nYzYiXi0sYs'],['https://pbs.twimg.com/media/FTDodt4WUAMl99E.jpg'],0,7,32,"['n5', 'hdf5', 'zarr']",[],https://twitter.com/Ulrike_Boehm/status/1526977063067983872,False,,1,https://pbs.twimg.com/media/FTDodt4WUAMl99E.jpg,,,,,,,[],,,,
1525154738202980352,1525154735589888003,2022-05-13 17:43:20 W. Central Africa Standard Time,2022-05-13,17:43:20,+0100,344745010,notjustmoore,Josh Moore,,"And for anyone who stopped reading at the paywall, don't miss the CC-BY benchmark results which build on the  #zarr/#tiff/#hdf5 comparison in the #omengff paper by adding in Indexed OME-TIFFs!   https://t.co/BPFsi1Wsct",en,[],['https://twitter.com/trevmanz/status/1524764249872117761'],[],0,3,7,"['zarr', 'tiff', 'hdf5', 'omengff']",[],https://twitter.com/notjustmoore/status/1525154738202980352,False,https://twitter.com/trevmanz/status/1524764249872117761,0,,,,,,,,[],,,,
1523998598375030785,1523998596705697795,2022-05-10 13:09:15 W. Central Africa Standard Time,2022-05-10,13:09:15,+0100,1188845703537348609,ironarray,ironArray,,"Support for #Zarr proxies:      a = ia.zarr_proxy('test.zarr', urlpath='test.iarr')   * They behave like native iArray objects.   * a.attrs: handle attributes of the IArray instance.   * a.zarr_attrs: handle attributes of Zarr instance.   * Easier integration with the ecosystem.",en,[],[],[],1,0,1,['zarr'],[],https://twitter.com/ironArray/status/1523998598375030785,False,,0,,,,,,,,[],,,,
1521498371088863232,1521498371088863232,2022-05-03 15:34:14 W. Central Africa Standard Time,2022-05-03,15:34:14,+0100,1195271337977241601,zarr_dev,zarr_dev,,üì® Calls have gone out for the Zarr Implementation Council to help shape the future of the #Zarr format.   https://t.co/YxHBt52FBe  https://t.co/JxoVgne1gd,en,[],['https://github.com/zarr-developers/governance/issues?q=is%3Aissue+is%3Aopen+label%3AZIC'],['https://pbs.twimg.com/media/FR1xzcYXwAAePjG.jpg'],1,1,21,['zarr'],[],https://twitter.com/zarr_dev/status/1521498371088863232,False,,1,https://pbs.twimg.com/media/FR1xzcYXwAAePjG.jpg,,,,,,,[],,,,
1516419028004265998,1516419028004265998,2022-04-19 15:10:44 W. Central Africa Standard Time,2022-04-19,15:10:44,+0100,99989439,giswqs,Qiusheng Wu,,Cloud-Native Geo Event happening now üëá   https://t.co/rO6mQGDzyO  @opencholmes @opengeospatial @cogeotiff @STACspec  #COG #STAC #geospatial #zarr,en,"[{'screen_name': 'opencholmes', 'name': 'chris holmes', 'id': '1427817540'}, {'screen_name': 'opengeospatial', 'name': 'open geospatial: ogc', 'id': '26080216'}, {'screen_name': 'cogeotiff', 'name': 'cloud optimized geotiff (a.k.a cog)', 'id': '1273061363481542663'}, {'screen_name': 'stacspec', 'name': 'spatiotemporal asset catalog', 'id': '1238551467881086982'}]",['https://schedule.cloudnativegeo.org'],[],0,7,24,"['cog', 'stac', 'geospatial', 'zarr']",[],https://twitter.com/giswqs/status/1516419028004265998,False,https://twitter.com/opengeospatial/status/1514667417737347077,0,,,,,,,,[],,,,
1516167576581255168,1516167576581255168,2022-04-18 22:31:33 W. Central Africa Standard Time,2022-04-18,22:31:33,+0100,200880433,geosolutions_it,GeoSolutions üáÆüáπ üá∫üá∏ üá™üá∫ üîù,,We will present at the #Cloud-Native #Geospatial Outreach Event on Wednesday Apr 20 4pm UTC about Cloud-ready #GeoServer. üëçüëçüëç  Info üëâ https://t.co/ITtzpVGzkH   Registration üëâ https://t.co/OJ2NHItZPl   @GeoServerO @GeoNode  #Cloud #COG #ZARR #webmaps #EO #MetOc  https://t.co/P4jlji0Wbz,en,"[{'screen_name': 'geoservero', 'name': 'the real geoserver', 'id': '1221315142215962625'}, {'screen_name': 'geonode', 'name': 'geonode', 'id': '78394835'}]","['https://schedule.cloudnativegeo.org/#h.802ctrgqu8t7', 'https://na.eventscloud.com/website/36829/']",['https://pbs.twimg.com/media/FQqCSbxXIAIIvrD.jpg'],0,7,17,"['cloud', 'geospatial', 'geoserver', 'cloud', 'cog', 'zarr', 'webmaps', 'eo', 'metoc']",[],https://twitter.com/geosolutions_it/status/1516167576581255168,False,,1,https://pbs.twimg.com/media/FQqCSbxXIAIIvrD.jpg,,,,,,,[],,,,
1514543991475240963,1514543991475240963,2022-04-14 11:00:01 W. Central Africa Standard Time,2022-04-14,11:00:01,+0100,962259091,glencoesoftware,Glencoe Software,,We have integrated #OMENGFF using #zarr into OMERO Plus for scalable and cloud-friendly bioimage analysis and for the visualization of image processing outputs in PathViewer. We wrote about how and why in our latest blog post:  https://t.co/jvNn7shc0M,en,[],['https://bit.ly/3KGR7GV'],[],0,12,19,"['omengff', 'zarr']",[],https://twitter.com/GlencoeSoftware/status/1514543991475240963,False,,0,,,,,,,,[],,,,
1512474071036055558,1512474071036055558,2022-04-08 17:54:53 W. Central Africa Standard Time,2022-04-08,17:54:53,+0100,1097550266319163399,3x0narts,3x0nArts,,I guess I wanted to practice a little c: #3x0narts #Le√≥n #Zarr #Krita  https://t.co/t1fgSfGpfI,en,[],[],"['https://pbs.twimg.com/media/FP1i-X9XMAAontZ.jpg', 'https://pbs.twimg.com/media/FP1i-X3XwAY4-px.jpg']",0,8,11,"['3x0narts', 'le√≥n', 'zarr', 'krita']",[],https://twitter.com/3x0nArts/status/1512474071036055558,False,,1,https://pbs.twimg.com/media/FP1i-X9XMAAontZ.jpg,,,,,,,[],,,,
1511350429271085062,1511350429271085062,2022-04-05 15:29:56 W. Central Africa Standard Time,2022-04-05,15:29:56,+0100,21501718,clintcabanero,clint cabanero,,"I'm psyched ...  https://t.co/T2J1p2VTik  #geospatial #cloudnativegeospatial #COG #STAC, #Zarr",en,[],['https://medium.com/radiant-earth-insights/save-the-date-cloud-native-geospatial-outreach-event-on-april-19-20-ef4e396e1053'],[],0,0,0,"['geospatial', 'cloudnativegeospatial', 'cog', 'stac', 'zarr']",[],https://twitter.com/clintcabanero/status/1511350429271085062,False,,0,,,,,,,,[],,,,
1507385839898218500,1507385839898218500,2022-03-25 16:56:04 W. Central Africa Standard Time,2022-03-25,16:56:04,+0100,962259091,glencoesoftware,Glencoe Software,,"Glencoe Software's Chris MacLeod will speak on Monday, March 28th at 9:30 AM PDT at #ABRF2022 on Cloud-Optimized Data Management and Analysis for Biological Image Data with OMERO Plus and #OMENGFF, a new cloud-friendly data format using #zarr. To register:  https://t.co/FkBcMuCQKh  https://t.co/3rE8grFPRr",en,[],['https://web.cvent.com/event/d0a06b4a-5ee0-4d99-84eb-017ff3e8325e/summary'],['https://pbs.twimg.com/media/FOs0F7bXMAkboC-.jpg'],2,5,14,"['abrf2022', 'omengff', 'zarr']",[],https://twitter.com/GlencoeSoftware/status/1507385839898218500,False,,1,https://pbs.twimg.com/media/FOs0F7bXMAkboC-.jpg,,,,,,,[],,,,
1506242447629762565,1506223562981584903,2022-03-22 13:12:38 W. Central Africa Standard Time,2022-03-22,13:12:38,+0100,4515258509,alexanderrey42,Alexander Rey,,"@benjamin_l_s I‚Äôve had several people tell me that Lambda can‚Äôt be used with big data applications. Might have been true in the past, but not with EFS mounts or #zarr datasets!",en,[],[],[],1,0,5,['zarr'],[],https://twitter.com/alexanderrey42/status/1506242447629762565,False,,0,,,,,,,,"[{'screen_name': 'benjamin_l_s', 'name': 'Ben', 'id': '2242186111'}]",,,,
1501971778696065027,1501971778696065027,2022-03-10 18:22:31 W. Central Africa Standard Time,2022-03-10,18:22:31,+0100,1038092508,sourcepole,Sourcepole,,Cloud-optimierte Geoformate an der #FOSSGIS2022 - hier die Folien:  https://t.co/4Fpx4BNwlu #CloudComputing @cogeotiff @flatgeobuf #GeoParquet #Zarr #PMTiles #COPC,de,"[{'screen_name': 'cogeotiff', 'name': 'cloud optimized geotiff (a.k.a cog)', 'id': '1273061363481542663'}, {'screen_name': 'flatgeobuf', 'name': 'flatgeobuf', 'id': '1120045585145434113'}]",['https://blog.sourcepole.ch/2022/03/09/fossgis-2022/'],[],2,6,7,"['fossgis2022', 'cloudcomputing', 'geoparquet', 'zarr', 'pmtiles', 'copc']",[],https://twitter.com/sourcepole/status/1501971778696065027,False,,0,,,,,,,,[],,,,
1498354591670411268,1498354591670411268,2022-02-28 18:49:07 W. Central Africa Standard Time,2022-02-28,18:49:07,+0100,823605790170816515,ourradiantearth,Radiant Earth Foundation,,"üì¢Calling all users working with geospatial formats!   Cloud-Native Geospatial Outreach Day is here. Have real-world experience on @STACspec, @cogeotiff, #Zarr, #COP? Become a speaker for this virtual event!  üóìÔ∏èSubmit this form by March 15 to be considered  https://t.co/XATgZ6S1FR  https://t.co/GP1YecUqlT",en,"[{'screen_name': 'stacspec', 'name': 'spatiotemporal asset catalog', 'id': '1238551467881086982'}, {'screen_name': 'cogeotiff', 'name': 'cloud optimized geotiff (a.k.a cog)', 'id': '1273061363481542663'}]",['https://docs.google.com/forms/d/e/1FAIpQLSe2iKvsMm8vYDso2L1IDQki4xIAdKyB8nUbqz8Kz95oCFkokQ/viewform'],['https://pbs.twimg.com/media/FMs5L01XsAAq7mY.jpg'],1,20,25,"['zarr', 'cop']",[],https://twitter.com/OurRadiantEarth/status/1498354591670411268,False,,1,https://pbs.twimg.com/media/FMs5L01XsAAq7mY.jpg,,,,,,,[],,,,
1496974485614137344,1496974485614137344,2022-02-24 23:25:04 W. Central Africa Standard Time,2022-02-24,23:25:04,+0100,103516223,mdsumner,Name Cannot Be Blank,,"oh dear, is this still true?   #zarr   https://t.co/wUzFZFi9Ys  https://t.co/8r55nUAh1t",en,[],['https://gdal.org/drivers/raster/zarr.html#srs-encoding'],['https://pbs.twimg.com/media/FMZSTPPaQAIHVxj.png'],1,0,0,['zarr'],[],https://twitter.com/mdsumner/status/1496974485614137344,False,,1,https://pbs.twimg.com/media/FMZSTPPaQAIHVxj.png,,,,,,,[],,,,
1496518731467476992,1496518731467476992,2022-02-23 17:14:04 W. Central Africa Standard Time,2022-02-23,17:14:04,+0100,823605790170816515,ourradiantearth,Radiant Earth Foundation,,"Save the date for the Cloud Native #Geospatial Outreach Day! If you work with @STACspec, @cogeotiff, #Zarr &amp; #COPC - or want to know more about these standards - make sure to click below to learn how to participate in this virtual event üëáüèæ",en,"[{'screen_name': 'stacspec', 'name': 'spatiotemporal asset catalog', 'id': '1238551467881086982'}, {'screen_name': 'cogeotiff', 'name': 'cloud optimized geotiff (a.k.a cog)', 'id': '1273061363481542663'}]",[],[],0,4,11,"['geospatial', 'zarr', 'copc']",[],https://twitter.com/OurRadiantEarth/status/1496518731467476992,False,https://twitter.com/opencholmes/status/1496241553110867968,0,,,,,,,,[],,,,
1491391571786350594,1491391571786350594,2022-02-09 13:40:34 W. Central Africa Standard Time,2022-02-09,13:40:34,+0100,962259091,glencoesoftware,Glencoe Software,,"We've worked closely with @openmicroscopy to develop and adopt #OMENGFF, a new cloud-friendly data format for multi-D bioimaging data using #zarr. Read more about our motivations and our tooling for converting to and working with OME-NGFF in our blog post:  https://t.co/XBBH8MjmA2",en,"[{'screen_name': 'openmicroscopy', 'name': 'openmicroscopy', 'id': '15369506'}]",['https://bit.ly/3uCBRpo'],[],0,11,22,"['omengff', 'zarr']",[],https://twitter.com/GlencoeSoftware/status/1491391571786350594,False,,0,,,,,,,,[],,,,
1483828050152157185,1483563061835304960,2022-01-19 16:45:50 W. Central Africa Standard Time,2022-01-19,16:45:50,+0100,180667856,jimmyc42,"james correia j‚òà, PhD",,"what is the prequel to #zarr compression, since reading the tutorial points to numcodecs which points back to a computer engineering/science degree that I lack? While I work with the National Organizational for the Advancement of Acronyms I need a cypher for these acronyms...",en,[],[],[],1,0,0,['zarr'],[],https://twitter.com/jimmyc42/status/1483828050152157185,False,,0,,,,,,,,[],,,,
